-- phpMyAdmin SQL Dump
-- version 4.2.11
-- http://www.phpmyadmin.net
--
-- Host: 127.0.0.1
-- Generation Time: Apr 08, 2015 at 03:52 PM
-- Server version: 5.6.21
-- PHP Version: 5.6.3

SET SQL_MODE = "NO_AUTO_VALUE_ON_ZERO";
SET time_zone = "+00:00";


/*!40101 SET @OLD_CHARACTER_SET_CLIENT=@@CHARACTER_SET_CLIENT */;
/*!40101 SET @OLD_CHARACTER_SET_RESULTS=@@CHARACTER_SET_RESULTS */;
/*!40101 SET @OLD_COLLATION_CONNECTION=@@COLLATION_CONNECTION */;
/*!40101 SET NAMES utf8 */;

--
-- Database: `movie_db`
--

-- --------------------------------------------------------

--
-- Table structure for table `genres`
--

CREATE TABLE IF NOT EXISTS `genres` (
`id` int(11) NOT NULL,
  `genre` varchar(255) NOT NULL
) ENGINE=InnoDB AUTO_INCREMENT=3870 DEFAULT CHARSET=latin1;

--
-- Dumping data for table `genres`
--

INSERT INTO `genres` (`id`, `genre`) VALUES
(18, 'action & adventure'),
(184, 'children''s music'),
(162, 'children''s tv'),
(3851, 'children’s music'),
(19, 'comedy'),
(667, 'crime'),
(56, 'dc comics'),
(47, 'documentary'),
(25, 'drama'),
(3690, 'entertainment'),
(24, 'family'),
(179, 'fantasy'),
(106, 'harry potter'),
(38, 'james bond'),
(63, 'martial arts'),
(53, 'marvel comics'),
(87, 'musical'),
(40, 'rocky'),
(112, 'romantic comedy'),
(1, 'sci-fi & fantasy'),
(75, 'sports'),
(85, 'star wars'),
(338, 'the pink panther'),
(55, 'thriller'),
(2806, 'tv comedy'),
(2828, 'tv drama'),
(332, 'war');

-- --------------------------------------------------------

--
-- Table structure for table `groups`
--

CREATE TABLE IF NOT EXISTS `groups` (
`id` int(11) NOT NULL,
  `group` varchar(255) NOT NULL
) ENGINE=InnoDB AUTO_INCREMENT=1768 DEFAULT CHARSET=latin1;

--
-- Dumping data for table `groups`
--

INSERT INTO `groups` (`id`, `group`) VALUES
(1738, '24'),
(30, 'austin powers'),
(919, 'billy connelly tour of new zealand'),
(1352, 'breaking bad'),
(661, 'chuck'),
(582, 'csi'),
(344, 'csi ny'),
(622, 'dexter'),
(583, 'doctor who'),
(581, 'doctor who christmas specials'),
(332, 'drop dead diva'),
(10, 'fast and furious'),
(1229, 'friends'),
(693, 'gavin & stacey'),
(866, 'girls'),
(330, 'glee'),
(999, 'grand designs abroad'),
(1130, 'greys anatomy'),
(23, 'harry potter'),
(33, 'history of the royal navy'),
(1355, 'hong kong phooey'),
(1201, 'how i met your mother'),
(1007, 'i''ve never seen star wars'),
(17, 'matrix'),
(967, 'merlin'),
(1758, 'miranda'),
(18, 'ong bak'),
(11, 'rocky'),
(859, 'rookie blue'),
(526, 'sherlock holmes'),
(1008, 'the big bang theory'),
(409, 'the blue planet'),
(112, 'the bourne series'),
(512, 'the inbetweeners'),
(37, 'the wiggles dvds'),
(1622, 'the wiggles singles'),
(3, 'transformers'),
(1363, 'trumptonshire'),
(16, 'x-men'),
(1287, 'yoga');

-- --------------------------------------------------------

--
-- Table structure for table `main`
--

CREATE TABLE IF NOT EXISTS `main` (
`id` int(11) NOT NULL,
  `title` varchar(255) NOT NULL,
  `path` varchar(255) NOT NULL,
  `genre` varchar(20) DEFAULT NULL,
  `group` varchar(20) DEFAULT NULL,
  `type` int(11) NOT NULL,
  `series_num` int(11) DEFAULT NULL,
  `tv_season` int(11) DEFAULT NULL
) ENGINE=InnoDB AUTO_INCREMENT=3784 DEFAULT CHARSET=latin1;

--
-- Dumping data for table `main`
--

INSERT INTO `main` (`id`, `title`, `path`, `genre`, `group`, `type`, `series_num`, `tv_season`) VALUES
(1, 'TRANSFORMERS - Dark of the Moon', 'file:///Volumes/2TB%20Drive/iTunes/Movies/TRANSFORMERS%20-%20Dark%20of%20the%20Moon/TRANSFORMERS%20-%20Dark%20of%20the%20Moon.m4v', '1', '1', 1, 3, NULL),
(8, 'Fast and Furious 4', 'file:///Volumes/2TB%20Drive/iTunes/Movies/Fast%20and%20Furious%204/Fast%20and%20Furious%204.m4v', '18', '10', 1, 4, NULL),
(9, 'Rocky I', 'file:///Volumes/2TB%20Drive/iTunes/Movies/Rocky%20I/Rocky%20I.mp4', '40', '11', 1, 1, NULL),
(10, 'Rocky II', 'file:///Volumes/2TB%20Drive/iTunes/Movies/Rocky%20II/Rocky%20II.mp4', '40', '11', 1, 2, NULL),
(11, 'Rocky III', 'file:///Volumes/2TB%20Drive/iTunes/Movies/Rocky%20III/Rocky%20III.mp4', '40', '11', 1, 3, NULL),
(12, 'Rocky IV', 'file:///Volumes/2TB%20Drive/iTunes/Movies/Rocky%20IV/Rocky%20IV.mp4', '40', '11', 1, 4, NULL),
(13, 'Rocky V', 'file:///Volumes/2TB%20Drive/iTunes/Movies/Rocky%20V/Rocky%20V.mp4', '40', '11', 1, 5, NULL),
(14, 'X-Men Origins: Wolverine', 'file:///Volumes/2TB%20Drive/iTunes/Movies/X-Men%20Origins_%20Wolverine/X-Men%20Origins_%20Wolverine.m4v', '53', '16', 1, 1, NULL),
(15, 'The Matrix', 'file:///Volumes/2TB%20Drive/iTunes/Movies/The%20Matrix/The%20Matrix.m4v', '18', '17', 1, 1, NULL),
(16, 'Ong-Bak - The Thai Warrior', 'file:///Volumes/2TB%20Drive/iTunes/Movies/Ong-Bak%20-%20The%20Thai%20Warrior/Ong-Bak%20-%20The%20Thai%20Warrior.m4v', '63', '18', 1, 0, NULL),
(17, 'Ong Bak 3 (Thai)', 'file:///Volumes/2TB%20Drive/iTunes/Movies/Ong%20Bak%203%20(Thai)/Ong%20Bak%203%20(Thai).m4v', '63', '18', 1, 3, NULL),
(18, 'Ong Bak 3 (English)', 'file:///Volumes/2TB%20Drive/iTunes/Movies/Ong%20Bak%203%20(English)/Ong%20Bak%203%20(English).m4v', '63', '18', 1, 3, NULL),
(19, 'Ong Bak 1 (Thai)', 'file:///Volumes/2TB%20Drive/iTunes/Movies/Ong%20Bak%201%20(Thai)/Ong%20Bak%201%20(Thai).m4v', '63', '18', 1, 1, NULL),
(20, 'Ong Bak 2 The Beginning', 'file:///Volumes/2TB%20Drive/iTunes/Movies/Ong%20Bak%202%20The%20Beginning/Ong%20Bak%202%20The%20Beginning.m4v', '63', '18', 1, 2, NULL),
(21, 'Harry Potter (1) and the Philosophers Stone', 'file:///Volumes/2TB%20Drive/iTunes/Movies/Harry%20Potter%20(1)%20and%20the%20Philosophers%20Stone/Harry%20Potter%20(1)%20and%20the%20Philosophers%20Stone.m4v', '106', '23', 1, 1, NULL),
(22, 'Harry Potter (3) and the Prisoner of Azkaban', 'file:///Volumes/2TB%20Drive/iTunes/Movies/Harry%20Potter%20(3)%20and%20the%20Prisoner%20of%20Azkaban/Harry%20Potter%20(3)%20and%20the%20Prisoner%20of%20Azkaban.m4v', '106', '23', 1, 3, NULL),
(23, 'Harry Potter (2) and the Chamber of Secrets', 'file:///Volumes/2TB%20Drive/iTunes/Movies/Harry%20Potter%20(2)%20and%20the%20Chamber%20of%20Secrets/Harry%20Potter%20(2)%20and%20the%20Chamber%20of%20Secrets.m4v', '106', '23', 1, 2, NULL),
(24, 'Harry Potter (4) and the Goblet of Fire', 'file:///Volumes/2TB%20Drive/iTunes/Movies/Harry%20Potter%20(4)%20and%20the%20Goblet%20of%20Fire/Harry%20Potter%20(4)%20and%20the%20Goblet%20of%20Fire.m4v', '106', '23', 1, 4, NULL),
(25, 'Harry Potter (5) and the Order of the Pheonix', 'file:///Volumes/2TB%20Drive/iTunes/Movies/Harry%20Potter%20(5)%20and%20the%20Order%20of%20the%20Pheonix/Harry%20Potter%20(5)%20and%20the%20Order%20of%20the%20Pheonix.m4v', '106', '23', 1, 5, NULL),
(26, 'Harry Potter (6) and the Half Blood Prince', 'file:///Volumes/2TB%20Drive/iTunes/Movies/Harry%20Potter%20(6)%20and%20the%20Half%20Blood%20Prince/Harry%20Potter%20(6)%20and%20the%20Half%20Blood%20Prince.m4v', '106', '23', 1, 6, NULL),
(27, 'X-Men First Class', 'file:///Volumes/2TB%20Drive/iTunes/Movies/X-Men%20First%20Class/X-Men%20First%20Class.m4v', '53', '16', 1, 2, NULL),
(28, 'Austin Powers - Goldmember', 'file:///Volumes/2TB%20Drive/iTunes/Movies/Austin%20Powers%20-%20Goldmember/Austin%20Powers%20-%20Goldmember.m4v', '19', '30', 1, 3, NULL),
(29, 'Austin Powers', 'file:///Volumes/2TB%20Drive/iTunes/Movies/Austin%20Powers/Austin%20Powers.m4v', '19', '30', 1, 1, NULL),
(30, 'Fast and Furious 2', 'file:///Volumes/2TB%20Drive/iTunes/Movies/Fast%20and%20Furious%202/Fast%20and%20Furious%202.m4v', '18', '10', 1, 2, NULL),
(31, 'History of the Royal Navy 1600-1805', 'file:///Volumes/2TB%20Drive/iTunes/Movies/History%20of%20the%20Royal%20Navy%201600-1805/History%20of%20the%20Royal%20Navy%201600-1805.m4v', '47', '33', 1, 2, NULL),
(32, 'History of the Royal Navy 1500-1599', 'file:///Volumes/2TB%20Drive/iTunes/Movies/History%20of%20the%20Royal%20Navy%201500-1599/History%20of%20the%20Royal%20Navy%201500-1599.m4v', '47', '33', 1, 1, NULL),
(33, 'History of the Royal Navy 1806-Present', 'file:///Volumes/2TB%20Drive/iTunes/Movies/History%20of%20the%20Royal%20Navy%201806-Present/History%20of%20the%20Royal%20Navy%201806-Present.m4v', '47', '33', 1, 3, NULL),
(35, 'The Wiggles - Space Dancing', 'file:///Volumes/2TB%20Drive/iTunes/Movies/The%20Wiggles%20-%20Space%20Dancing/The%20Wiggles%20-%20Space%20Dancing.m4v', '162', '37', 1, 0, NULL),
(36, 'You Make Me Feel Like Dancing', 'file:///Volumes/2TB%20Drive/iTunes/Movies/You%20Make%20Me%20Feel%20Like%20Dancing/You%20Make%20Me%20Feel%20Like%20Dancing.m4v', '162', '37', 1, 0, NULL),
(37, 'A Magical Adventure', 'file:///Volumes/2TB%20Drive/iTunes/Movies/A%20Magical%20Adventure/A%20Magical%20Adventure.m4v', '184', '37', 1, 0, NULL),
(38, 'The Best of the Wiggles', 'file:///Volumes/2TB%20Drive/iTunes/Movies/The%20Best%20of%20the%20Wiggles/The%20Best%20of%20the%20Wiggles.m4v', '184', '37', 1, 0, NULL),
(39, 'Racing to the Rainbow', 'file:///Volumes/2TB%20Drive/iTunes/Movies/Racing%20to%20the%20Rainbow/Racing%20to%20the%20Rainbow.m4v', '184', '37', 1, 0, NULL),
(108, 'Matrix Reloaded', 'file:///Volumes/2TB%20Drive/iTunes/Movies/Matrix%20Reloaded/Matrix%20Reloaded.m4v', '18', '17', 1, 2, NULL),
(109, 'The Bourne Identity', 'file:///Volumes/2TB%20Drive/iTunes/Movies/The%20Bourne%20Identity/The%20Bourne%20Identity.m4v', '18', '112', 1, 1, NULL),
(110, 'Matrix Revolutions', 'file:///Volumes/2TB%20Drive/iTunes/Movies/Matrix%20Revolutions/Matrix%20Revolutions.m4v', '18', '17', 1, 3, NULL),
(111, 'Harry Potter (7) and the Deathly Hallows Part 1', 'file:///Volumes/2TB%20Drive/iTunes/Movies/Harry%20Potter%20(7)%20and%20the%20Deathly%20Hallows%20Part%201/Harry%20Potter%20(7)%20and%20the%20Deathly%20Hallows%20Part%201.m4v', '106', '23', 1, 7, NULL),
(112, 'X-Men', 'file:///Volumes/2TB%20Drive/iTunes/Movies/X-Men/X-Men.m4v', '53', '16', 1, 3, NULL),
(113, 'X-Men 2', 'file:///Volumes/2TB%20Drive/iTunes/Movies/X-Men%202/X-Men%202.m4v', '53', '16', 1, 4, NULL),
(124, '300', 'file:///Volumes/2TB%20Drive/iTunes/Movies/300/300.m4v', '18', '0', 1, 0, NULL),
(125, 'Alfie', 'file:///Volumes/2TB%20Drive/iTunes/Movies/Alfie/Alfie.mp4', '19', '0', 1, 0, NULL),
(126, 'Behind Enemy Lines', 'file:///Volumes/2TB%20Drive/iTunes/Movies/Behind%20Enemy%20Lines/Behind%20Enemy%20Lines.mp4', '18', '0', 1, 0, NULL),
(127, 'Being John Malkovich', 'file:///Volumes/2TB%20Drive/iTunes/Movies/Being%20John%20Malkovich/Being%20John%20Malkovich.m4v', '19', '0', 1, 0, NULL),
(128, 'Blood Diamond', 'file:///Volumes/2TB%20Drive/iTunes/Movies/Blood%20Diamond/Blood%20Diamond.mp4', '18', '0', 1, 0, NULL),
(129, 'Bulletproof Monk', 'file:///Volumes/2TB%20Drive/iTunes/Movies/Bulletproof%20Monk/Bulletproof%20Monk.mp4', '18', '0', 1, 0, NULL),
(130, 'Cars', 'file:///Volumes/2TB%20Drive/iTunes/Movies/Cars/Cars.mp4', '24', '0', 1, 0, NULL),
(138, 'Coach Carter', 'file:///Volumes/2TB%20Drive/iTunes/Movies/Coach%20Carter/Coach%20Carter.mp4', '25', '0', 1, 0, NULL),
(139, 'Cradle 2 The Grave', 'file:///Volumes/2TB%20Drive/iTunes/Movies/Cradle%202%20The%20Grave/Cradle%202%20The%20Grave.mp4', '18', '0', 1, 0, NULL),
(140, 'Enemy At The Gates', 'file:///Volumes/2TB%20Drive/iTunes/Movies/Enemy%20At%20The%20Gates/Enemy%20At%20The%20Gates.mp4', '25', '0', 1, 0, NULL),
(142, 'Gran Torino', 'file:///Volumes/2TB%20Drive/iTunes/Movies/Gran%20Torino/Gran%20Torino.m4v', '25', '0', 1, 0, NULL),
(143, 'Happy Feet', 'file:///Volumes/2TB%20Drive/iTunes/Movies/Happy%20Feet/Happy%20Feet.m4v', '24', '0', 1, 0, NULL),
(144, 'I Robot', 'file:///Volumes/2TB%20Drive/iTunes/Movies/I%20Robot/I%20Robot.mp4', '1', '0', 1, 0, NULL),
(145, 'Ice Age', 'file:///Volumes/2TB%20Drive/iTunes/Movies/Ice%20Age/Ice%20Age.mp4', '24', '0', 1, 0, NULL),
(146, 'Layer Cake', 'file:///Volumes/2TB%20Drive/iTunes/Movies/Layer%20Cake/Layer%20Cake.mp4', '18', '0', 1, 0, NULL),
(147, 'Miami Vice', 'file:///Volumes/2TB%20Drive/iTunes/Movies/Miami%20Vice/Miami%20Vice.mp4', '18', '0', 1, 0, NULL),
(148, 'Night at the Museum II', 'file:///Volumes/2TB%20Drive/iTunes/Movies/Night%20at%20the%20Museum%20II/Night%20at%20the%20Museum%20II.m4v', '19', '0', 1, 0, NULL),
(149, 'No Country For Old Men', 'file:///Volumes/2TB%20Drive/iTunes/Movies/No%20Country%20For%20Old%20Men/No%20Country%20For%20Old%20Men.m4v', '25', '0', 1, 0, NULL),
(150, 'Passenger 57', 'file:///Volumes/2TB%20Drive/iTunes/Movies/Passenger%2057/Passenger%2057.mp4', '18', '0', 1, 0, NULL),
(151, 'Quantum of Solace', 'file:///Volumes/2TB%20Drive/iTunes/Movies/Quantum%20of%20Solace/Quantum%20of%20Solace.m4v', '38', '0', 1, 0, NULL),
(152, 'Robots', 'file:///Volumes/2TB%20Drive/iTunes/Movies/Robots/Robots.mp4', '19', '0', 1, 0, NULL),
(158, 'Run Fat Boy Run', 'file:///Volumes/2TB%20Drive/iTunes/Movies/Run%20Fat%20Boy%20Run/Run%20Fat%20Boy%20Run.m4v', '19', '0', 1, 0, NULL),
(159, 'Shaft', 'file:///Volumes/2TB%20Drive/iTunes/Movies/Shaft/Shaft.mp4', '18', '0', 1, 0, NULL),
(160, 'Sicko', 'file:///Volumes/2TB%20Drive/iTunes/Movies/Sicko/Sicko.m4v', '47', '0', 1, 0, NULL),
(161, 'The Last Samurai', 'file:///Volumes/2TB%20Drive/iTunes/Movies/The%20Last%20Samurai/The%20Last%20Samurai.mp4', '18', '0', 1, 0, NULL),
(162, 'Training Day', 'file:///Volumes/2TB%20Drive/iTunes/Movies/Training%20Day/Training%20Day.mp4', '25', '0', 1, 0, NULL),
(163, 'Tropic Thunder', 'file:///Volumes/2TB%20Drive/iTunes/Movies/Tropic%20Thunder/Tropic%20Thunder.m4v', '19', '0', 1, 0, NULL),
(164, 'TROY', 'file:///Volumes/2TB%20Drive/iTunes/Movies/TROY/TROY.mp4', '18', '0', 1, 0, NULL),
(165, 'WALL E', 'file:///Volumes/2TB%20Drive/iTunes/Movies/WALL%20E/WALL%20E.m4v', '25', '0', 1, 0, NULL),
(167, 'Zoolander', 'file:///Volumes/2TB%20Drive/iTunes/Movies/Zoolander/Zoolander.mp4', '19', '0', 1, 0, NULL),
(168, 'Shifty', 'file:///Volumes/2TB%20Drive/iTunes/Movies/Shifty/Shifty.m4v', '55', '0', 1, 0, NULL),
(169, 'Batman Begins', 'file:///Volumes/2TB%20Drive/iTunes/Movies/Batman%20Begins/Batman%20Begins.m4v', '56', '0', 1, 0, NULL),
(170, 'Superbad', 'file:///Volumes/2TB%20Drive/iTunes/Movies/Superbad/Superbad.m4v', '19', '0', 1, 0, NULL),
(171, 'Twilight Eclipse', 'file:///Volumes/2TB%20Drive/iTunes/Movies/Twilight%20Eclipse/Twilight%20Eclipse.mp4', '25', '0', 1, 0, NULL),
(172, 'The Book of Eli', 'file:///Volumes/2TB%20Drive/iTunes/Movies/The%20Book%20of%20Eli/The%20Book%20of%20Eli.m4v', '18', '0', 1, 0, NULL),
(174, 'Lock Stock & Two Smoking Barrels', 'file:///Volumes/2TB%20Drive/iTunes/Movies/Lock%20Stock%20&%20Two%20Smoking%20Barrels/Lock%20Stock%20&%20Two%20Smoking%20Barrels.m4v', '18', '0', 1, 0, NULL),
(175, 'Iron Man', 'file:///Volumes/2TB%20Drive/iTunes/Movies/Iron%20Man/Iron%20Man.m4v', '18', '0', 1, 0, NULL),
(176, 'Kung Fu Hustle', 'file:///Volumes/2TB%20Drive/iTunes/Movies/Kung%20Fu%20Hustle/Kung%20Fu%20Hustle.m4v', '63', '0', 1, 0, NULL),
(177, 'Napoleon Dynamite', 'file:///Volumes/2TB%20Drive/iTunes/Movies/Napoleon%20Dynamite/Napoleon%20Dynamite.m4v', '19', '0', 1, 0, NULL),
(178, 'Stardust', 'file:///Volumes/2TB%20Drive/iTunes/Movies/Stardust/Stardust.m4v', '19', '0', 1, 0, NULL),
(179, 'The Transporter', 'file:///Volumes/2TB%20Drive/iTunes/Movies/The%20Transporter/The%20Transporter.m4v', '18', '0', 1, 0, NULL),
(180, 'The Karate Kid 1', 'file:///Volumes/2TB%20Drive/iTunes/Movies/The%20Karate%20Kid%201/The%20Karate%20Kid%201.m4v', '18', '0', 1, 0, NULL),
(181, 'Nine', 'file:///Volumes/2TB%20Drive/iTunes/Movies/Nine/Nine.m4v', '25', '0', 1, 0, NULL),
(182, 'Enter the Dragon (1973)', 'file:///Volumes/2TB%20Drive/iTunes/Movies/Enter%20the%20Dragon%20(1973)/Enter%20the%20Dragon%20(1973).m4v', '63', '0', 1, 0, NULL),
(183, 'The Other Guys', 'file:///Volumes/2TB%20Drive/iTunes/Movies/The%20Other%20Guys/The%20Other%20Guys.m4v', '19', '0', 1, 0, NULL),
(184, 'The Crow', 'file:///Volumes/2TB%20Drive/iTunes/Movies/The%20Crow/The%20Crow.m4v', '1', '0', 1, 0, NULL),
(185, 'Michael McIntyre Live & Laughing', 'file:///Volumes/2TB%20Drive/iTunes/Movies/Michael%20McIntyre%20Live%20&%20Laughing/Michael%20McIntyre%20Live%20&%20Laughing.m4v', '19', '0', 1, 0, NULL),
(186, 'StreetDance', 'file:///Volumes/2TB%20Drive/iTunes/Movies/StreetDance/StreetDance.m4v', '25', '0', 1, 0, NULL),
(187, 'The Karate Kid new', 'file:///Volumes/2TB%20Drive/iTunes/Movies/The%20Karate%20Kid%20new/The%20Karate%20Kid%20new.m4v', '18', '0', 1, 0, NULL),
(188, 'Gritflick', 'file:///Volumes/2TB%20Drive/iTunes/Movies/Gritflick/Gritflick.mov', '75', '0', 1, 0, NULL),
(189, 'Asgard Project', 'file:///Volumes/2TB%20Drive/iTunes/Movies/Asgard%20Project/Asgard%20Project.mov', '75', '0', 1, 0, NULL),
(190, 'Psyche II', 'file:///Volumes/2TB%20Drive/iTunes/Movies/Psyche%20II/Psyche%20II.mov', '75', '0', 1, 0, NULL),
(191, 'Lucky Number Slevin', 'file:///Volumes/2TB%20Drive/iTunes/Movies/Lucky%20Number%20Slevin/Lucky%20Number%20Slevin.m4v', '25', '0', 1, 0, NULL),
(192, 'Total Recall', 'file:///Volumes/2TB%20Drive/iTunes/Movies/Total%20Recall/Total%20Recall.m4v', '1', '0', 1, 0, NULL),
(194, 'Inglourious Basterds', 'file:///Volumes/2TB%20Drive/iTunes/Movies/Inglourious%20Basterds/Inglourious%20Basterds.m4v', '18', '0', 1, 0, NULL),
(197, 'The A-Team', 'file:///Volumes/2TB%20Drive/iTunes/Movies/The%20A-Team/The%20A-Team.m4v', '18', '0', 1, 0, NULL),
(198, 'Star Wars - I - The Phantom Menace', 'file:///Volumes/2TB%20Drive/iTunes/Movies/Star%20Wars%20-%20I%20-%20The%20Phantom%20Menace/Star%20Wars%20-%20I%20-%20The%20Phantom%20Menace.m4v', '85', '0', 1, 0, NULL),
(199, 'Crank', 'file:///Volumes/2TB%20Drive/iTunes/Movies/Crank/Crank.m4v', '18', '0', 1, 0, NULL),
(200, 'Grease', 'file:///Volumes/2TB%20Drive/iTunes/Movies/Grease/Grease.m4v', '87', '0', 1, 0, NULL),
(202, 'Waiting For Superman', 'file:///Volumes/2TB%20Drive/iTunes/Movies/Waiting%20For%20Superman/Waiting%20For%20Superman.m4v', '47', '0', 1, 0, NULL),
(204, 'Hitchhikers Guide to the Galaxy', 'file:///Volumes/2TB%20Drive/iTunes/Movies/Hitchhikers%20Guide%20to%20the%20Galaxy/Hitchhikers%20Guide%20to%20the%20Galaxy.m4v', '19', '0', 1, 0, NULL),
(205, 'The Last Airbender', 'file:///Volumes/2TB%20Drive/iTunes/Movies/The%20Last%20Airbender/The%20Last%20Airbender.m4v', '63', '0', 1, 0, NULL),
(206, 'Leon', 'file:///Volumes/2TB%20Drive/iTunes/Movies/Leon/Leon.m4v', '18', '0', 1, 0, NULL),
(207, 'True Legend', 'file:///Volumes/2TB%20Drive/iTunes/Movies/True%20Legend/True%20Legend.m4v', '18', '0', 1, 0, NULL),
(208, 'Fong Sai Yuk', 'file:///Volumes/2TB%20Drive/iTunes/Movies/Fong%20Sai%20Yuk/Fong%20Sai%20Yuk.m4v', '63', '0', 1, 0, NULL),
(209, 'Ratatouille', 'file:///Volumes/2TB%20Drive/iTunes/Movies/Ratatouille/Ratatouille.m4v', '25', '0', 1, 0, NULL),
(210, '13 Assassins', 'file:///Volumes/2TB%20Drive/iTunes/Movies/13%20Assassins/13%20Assassins.m4v', '63', '0', 1, 0, NULL),
(211, 'Reign of Assassins', 'file:///Volumes/2TB%20Drive/iTunes/Movies/Reign%20of%20Assassins/Reign%20of%20Assassins.m4v', '63', '0', 1, 0, NULL),
(212, 'Yamada', 'file:///Volumes/2TB%20Drive/iTunes/Movies/Yamada/Yamada.m4v', '63', '0', 1, 0, NULL),
(213, 'RED', 'file:///Volumes/2TB%20Drive/iTunes/Movies/RED/RED.m4v', '18', '0', 1, 0, NULL),
(214, 'IP MAN 2', 'file:///Volumes/2TB%20Drive/iTunes/Movies/IP%20MAN%202/IP%20MAN%202.m4v', '63', '0', 1, 0, NULL),
(215, 'Harry Brown', 'file:///Volumes/2TB%20Drive/iTunes/Movies/Harry%20Brown/Harry%20Brown.m4v', '25', '0', 1, 0, NULL),
(216, 'On Sight', 'file:///Volumes/2TB%20Drive/iTunes/Movies/On%20Sight/On%20Sight.mov', '75', '0', 1, 0, NULL),
(217, 'Charlies Angels', 'file:///Volumes/2TB%20Drive/iTunes/Movies/Charlies%20Angels/Charlies%20Angels.m4v', '18', '0', 1, 0, NULL),
(218, 'Charlies Angles 2', 'file:///Volumes/2TB%20Drive/iTunes/Movies/Charlies%20Angles%202/Charlies%20Angles%202.m4v', '18', '0', 1, 0, NULL),
(225, 'Most Wonderful Time of the Year', 'file:///Volumes/2TB%20Drive/iTunes/Movies/Most%20Wonderful%20Time%20of%20the%20Year/Most%20Wonderful%20Time%20of%20the%20Year.m4v', '112', '0', 1, 0, NULL),
(227, 'Love Actually', 'file:///Volumes/2TB%20Drive/iTunes/Movies/Love%20Actually/Love%20Actually.m4v', '112', '0', 1, 0, NULL),
(231, 'Green Lantern', 'file:///Volumes/2TB%20Drive/iTunes/Movies/Green%20Lantern/Green%20Lantern.m4v', '18', '0', 1, 0, NULL),
(232, 'Anti Gravity 2', 'file:///Volumes/2TB%20Drive/iTunes/Movies/Anti%20Gravity%202/Anti%20Gravity%202.m4v', '75', '0', 1, 0, NULL),
(234, 'Blood and Bone', 'file:///Volumes/2TB%20Drive/iTunes/Movies/Blood%20and%20Bone/Blood%20and%20Bone.m4v', '63', '0', 1, 0, NULL),
(235, 'Harry Potter (8) and the Deathly Hallows Part 2', 'file:///Volumes/2TB%20Drive/iTunes/Movies/Harry%20Potter%20(8)%20and%20the%20Deathly%20Hallows%20Part%202/Harry%20Potter%20(8)%20and%20the%20Deathly%20Hallows%20Part%202.m4v', '106', '0', 1, 8, NULL),
(236, 'A Beautiful Mind', 'file:///Volumes/2TB%20Drive/iTunes/Movies/A%20Beautiful%20Mind/A%20Beautiful%20Mind.m4v', '25', '0', 1, 0, NULL),
(237, 'An Empress and the Warriors', 'file:///Volumes/2TB%20Drive/iTunes/Movies/An%20Empress%20and%20the%20Warriors/An%20Empress%20and%20the%20Warriors.m4v', '18', '0', 1, 0, NULL),
(238, 'ANTZ', 'file:///Volumes/2TB%20Drive/iTunes/Movies/ANTZ/ANTZ.m4v', '24', '0', 1, 0, NULL),
(239, 'Kill Bill', 'file:///Volumes/2TB%20Drive/iTunes/Movies/Kill%20Bill/Kill%20Bill.m4v', '18', '0', 1, 0, NULL),
(240, 'House of Flying Daggers', 'file:///Volumes/2TB%20Drive/iTunes/Movies/House%20of%20Flying%20Daggers/House%20of%20Flying%20Daggers.m4v', '63', '0', 1, 0, NULL),
(241, 'The Queen', 'file:///Volumes/2TB%20Drive/iTunes/Movies/The%20Queen/The%20Queen.m4v', '25', '0', 1, 0, NULL),
(244, 'Horrible Bosses', 'file:///Volumes/2TB%20Drive/iTunes/Movies/Horrible%20Bosses/Horrible%20Bosses.m4v', '19', '0', 1, 0, NULL),
(245, 'The Inbetweeners', 'file:///Volumes/2TB%20Drive/iTunes/Movies/The%20Inbetweeners/The%20Inbetweeners.m4v', '19', '0', 1, 0, NULL),
(246, 'Ice Age 2 The Meltdown', 'file:///Volumes/2TB%20Drive/iTunes/Movies/Ice%20Age%202%20The%20Meltdown/Ice%20Age%202%20The%20Meltdown.m4v', '24', '0', 1, 0, NULL),
(249, 'Four Lions', 'file:///Volumes/2TB%20Drive/iTunes/Movies/Four%20Lions/Four%20Lions.m4v', '25', '0', 1, 0, NULL),
(250, 'What Happens in Vegas', 'file:///Volumes/2TB%20Drive/iTunes/Movies/What%20Happens%20in%20Vegas/What%20Happens%20in%20Vegas.m4v', '19', '0', 1, 0, NULL),
(251, 'The Devil Wears Prada', 'file:///Volumes/2TB%20Drive/iTunes/Movies/The%20Devil%20Wears%20Prada/The%20Devil%20Wears%20Prada.m4v', '25', '0', 1, 0, NULL),
(253, 'Finding Nemo', 'file:///Volumes/2TB%20Drive/iTunes/Movies/Finding%20Nemo/Finding%20Nemo.m4v', '24', '0', 1, 0, NULL),
(254, 'About a Boy', 'file:///Volumes/2TB%20Drive/iTunes/Movies/About%20a%20Boy/About%20a%20Boy.m4v', '19', '0', 1, 0, NULL),
(255, 'Alice in Wonderland', 'file:///Volumes/2TB%20Drive/iTunes/Movies/Alice%20in%20Wonderland/Alice%20in%20Wonderland.m4v', '24', '0', 1, 0, NULL),
(256, 'Absolute Power', 'file:///Volumes/2TB%20Drive/iTunes/Movies/Absolute%20Power/Absolute%20Power.m4v', '25', '0', 1, 0, NULL),
(257, 'Star Trek', 'file:///Volumes/2TB%20Drive/iTunes/Movies/Star%20Trek/Star%20Trek.m4v', '1', '0', 1, 0, NULL),
(258, 'RocknRolla', 'file:///Volumes/2TB%20Drive/iTunes/Movies/RocknRolla/RocknRolla.m4v', '18', '0', 1, 0, NULL),
(259, 'The Hurt Locker', 'file:///Volumes/2TB%20Drive/iTunes/Movies/The%20Hurt%20Locker/The%20Hurt%20Locker.m4v', '18', '0', 1, 0, NULL),
(260, 'The Social Network', 'file:///Volumes/2TB%20Drive/iTunes/Movies/The%20Social%20Network/The%20Social%20Network.m4v', '25', '0', 1, 0, NULL),
(262, 'Defintely Maybe', 'file:///Volumes/2TB%20Drive/iTunes/Movies/Defintely%20Maybe/Defintely%20Maybe.m4v', '112', '0', 1, 0, NULL),
(265, 'KICK-ASS', 'file:///Volumes/2TB%20Drive/iTunes/Movies/KICK-ASS/KICK-ASS.m4v', '18', '0', 1, 0, NULL),
(266, 'The Men Who Stare at Goats', 'file:///Volumes/2TB%20Drive/iTunes/Movies/The%20Men%20Who%20Stare%20at%20Goats/The%20Men%20Who%20Stare%20at%20Goats.m4v', '19', '0', 1, 0, NULL),
(267, 'Just Friends', 'file:///Volumes/2TB%20Drive/iTunes/Movies/Just%20Friends/Just%20Friends.m4v', '112', '0', 1, 0, NULL),
(268, 'Billy Connolly Live in New York', 'file:///Volumes/2TB%20Drive/iTunes/Movies/Billy%20Connolly%20Live%20in%20New%20York/Billy%20Connolly%20Live%20in%20New%20York.m4v', '19', '0', 1, 0, NULL),
(269, 'Billabong Odyssey Customs', 'file:///Volumes/2TB%20Drive/iTunes/Movies/Billabong%20Odyssey%20Customs/Billabong%20Odyssey%20Customs.m4v', '47', '0', 1, 0, NULL),
(270, 'Billabong Odyssey', 'file:///Volumes/2TB%20Drive/iTunes/Movies/Billabong%20Odyssey/Billabong%20Odyssey.m4v', '47', '0', 1, 0, NULL),
(271, 'Thor', 'file:///Volumes/2TB%20Drive/iTunes/Movies/Thor/Thor.m4v', '53', '0', 1, 0, NULL),
(272, 'The Three Musketeers', 'file:///Volumes/2TB%20Drive/iTunes/Movies/The%20Three%20Musketeers/The%20Three%20Musketeers.m4v', '18', '0', 1, 0, NULL),
(273, 'Fong Sai Yuk 2', 'file:///Volumes/2TB%20Drive/iTunes/Movies/Fong%20Sai%20Yuk%202/Fong%20Sai%20Yuk%202.m4v', '63', '0', 1, 0, NULL),
(274, 'Mad Max', 'file:///Volumes/2TB%20Drive/iTunes/Movies/Mad%20Max/Mad%20Max.m4v', '18', '0', 1, 0, NULL),
(275, 'Mad Max 3 Beyond Thunderdome', 'file:///Volumes/2TB%20Drive/iTunes/Movies/Mad%20Max%203%20Beyond%20Thunderdome/Mad%20Max%203%20Beyond%20Thunderdome.m4v', '18', '0', 1, 0, NULL),
(276, 'Mad Max 2 The Road Warrior', 'file:///Volumes/2TB%20Drive/iTunes/Movies/Mad%20Max%202%20The%20Road%20Warrior/Mad%20Max%202%20The%20Road%20Warrior.m4v', '18', '0', 1, 0, NULL),
(277, 'Legend Of Twin Dragons', 'file:///Volumes/2TB%20Drive/iTunes/Movies/Legend%20Of%20Twin%20Dragons/Legend%20Of%20Twin%20Dragons.m4v', '63', '0', 1, 0, NULL),
(279, 'The Devils Double', 'file:///Volumes/2TB%20Drive/iTunes/Movies/The%20Devils%20Double/The%20Devils%20Double.m4v', '25', '0', 1, 0, NULL),
(280, '127 Hours', 'file:///Volumes/2TB%20Drive/iTunes/Movies/127%20Hours/127%20Hours.m4v', '25', '0', 1, 0, NULL),
(281, 'Let the Bullets Fly', 'file:///Volumes/2TB%20Drive/iTunes/Movies/Let%20the%20Bullets%20Fly/Let%20the%20Bullets%20Fly.m4v', '63', '0', 1, 0, NULL),
(282, 'The Incredible Hulk', 'file:///Volumes/2TB%20Drive/iTunes/Movies/The%20Incredible%20Hulk/The%20Incredible%20Hulk.m4v', '53', '0', 1, 0, NULL),
(283, 'The Hangover Part 2', 'file:///Volumes/2TB%20Drive/iTunes/Movies/The%20Hangover%20Part%202/The%20Hangover%20Part%202.m4v', '19', '0', 1, 0, NULL),
(284, 'Jimmy Carr Being Funny', 'file:///Volumes/2TB%20Drive/iTunes/Movies/Jimmy%20Carr%20Being%20Funny/Jimmy%20Carr%20Being%20Funny.m4v', '19', '0', 1, 0, NULL),
(285, 'My Week With Marilyn', 'file:///Volumes/2TB%20Drive/iTunes/Movies/My%20Week%20With%20Marilyn/My%20Week%20With%20Marilyn.m4v', '25', '0', 1, 0, NULL),
(286, 'The Kings Speech', 'file:///Volumes/2TB%20Drive/iTunes/Movies/The%20Kings%20Speech/The%20Kings%20Speech.m4v', '25', '0', 1, 0, NULL),
(287, 'Avatar', 'file:///Volumes/2TB%20Drive/iTunes/Movies/Avatar/Avatar.m4v', '1', '0', 1, 0, NULL),
(288, 'Up In The Air', 'file:///Volumes/2TB%20Drive/iTunes/Movies/Up%20In%20The%20Air/Up%20In%20The%20Air.m4v', '25', '0', 1, 0, NULL),
(289, 'Unknown', 'file:///Volumes/2TB%20Drive/iTunes/Movies/Unknown/Unknown.m4v', '25', '0', 1, 0, NULL),
(290, 'Judge Dredd', 'file:///Volumes/2TB%20Drive/iTunes/Movies/Judge%20Dredd/Judge%20Dredd.m4v', '18', '0', 1, 0, NULL),
(291, 'Captain America - The First Avenger', 'file:///Volumes/2TB%20Drive/iTunes/Movies/Captain%20America%20-%20The%20First%20Avenger/Captain%20America%20-%20The%20First%20Avenger.m4v', '53', '0', 1, 0, NULL),
(292, 'Cars 2', 'file:///Volumes/2TB%20Drive/iTunes/Movies/Cars%202/Cars%202.m4v', '24', '0', 1, 0, NULL),
(293, 'Love and Other Drugs', 'file:///Volumes/2TB%20Drive/iTunes/Movies/Love%20and%20Other%20Drugs/Love%20and%20Other%20Drugs.m4v', '25', '0', 1, 0, NULL),
(294, 'ANCHORMAN', 'file:///Volumes/2TB%20Drive/iTunes/Movies/ANCHORMAN/ANCHORMAN.m4v', '19', '0', 1, 0, NULL),
(295, 'Blade Runner', 'file:///Volumes/2TB%20Drive/iTunes/Movies/Blade%20Runner/Blade%20Runner.m4v', '25', '0', 1, 0, NULL),
(296, 'The Negotiator', 'file:///Volumes/2TB%20Drive/iTunes/Movies/The%20Negotiator/The%20Negotiator.m4v', '25', '0', 1, 0, NULL),
(297, 'The Patriot', 'file:///Volumes/2TB%20Drive/iTunes/Movies/The%20Patriot/The%20Patriot.m4v', '332', '0', 1, 0, NULL),
(298, 'TRANSFORMERS', 'file:///Volumes/2TB%20Drive/iTunes/Movies/TRANSFORMERS/TRANSFORMERS.m4v', '1', '0', 1, 0, NULL),
(299, 'Oceans Eleven', 'file:///Volumes/2TB%20Drive/iTunes/Movies/Oceans%20Eleven/Oceans%20Eleven.m4v', '667', '0', 1, 0, NULL),
(300, 'The Dark Knight', 'file:///Volumes/2TB%20Drive/iTunes/Movies/The%20Dark%20Knight/The%20Dark%20Knight.m4v', '56', '0', 1, 0, NULL),
(301, 'Star Wars - VI - Return of the Jedi', 'file:///Volumes/2TB%20Drive/iTunes/Movies/Star%20Wars%20-%20VI%20-%20Return%20of%20the%20Jedi/Star%20Wars%20-%20VI%20-%20Return%20of%20the%20Jedi.m4v', '85', '0', 1, 0, NULL),
(302, 'Star Wars - V - The Empire Strikes Back', 'file:///Volumes/2TB%20Drive/iTunes/Movies/Star%20Wars%20-%20V%20-%20The%20Empire%20Strikes%20Back/Star%20Wars%20-%20V%20-%20The%20Empire%20Strikes%20Back.m4v', '85', '0', 1, 0, NULL),
(303, 'Star Wars - IV - A New Hope', 'file:///Volumes/2TB%20Drive/iTunes/Movies/Star%20Wars%20-%20IV%20-%20A%20New%20Hope/Star%20Wars%20-%20IV%20-%20A%20New%20Hope.m4v', '85', '0', 1, 0, NULL),
(304, 'SWORDFISH', 'file:///Volumes/2TB%20Drive/iTunes/Movies/SWORDFISH/SWORDFISH.m4v', '18', '0', 1, 0, NULL),
(305, 'American History X', 'file:///Volumes/2TB%20Drive/iTunes/Movies/American%20History%20X/American%20History%20X.m4v', '25', '0', 1, 0, NULL),
(306, 'American Beauty', 'file:///Volumes/2TB%20Drive/iTunes/Movies/American%20Beauty/American%20Beauty.m4v', '25', '0', 1, 0, NULL),
(307, 'BRAVEHEART', 'file:///Volumes/2TB%20Drive/iTunes/Movies/BRAVEHEART/BRAVEHEART.m4v', '332', '0', 1, 0, NULL),
(308, 'Big Daddy', 'file:///Volumes/2TB%20Drive/iTunes/Movies/Big%20Daddy/Big%20Daddy.m4v', '19', '0', 1, 0, NULL),
(309, 'Apocalypto', 'file:///Volumes/2TB%20Drive/iTunes/Movies/Apocalypto/Apocalypto.m4v', '18', '0', 1, 0, NULL),
(310, 'IP MAN', 'file:///Volumes/2TB%20Drive/iTunes/Movies/IP%20MAN/IP%20MAN.m4v', '63', '0', 1, 0, NULL),
(311, 'Arthur', 'file:///Volumes/2TB%20Drive/iTunes/Movies/Arthur/Arthur.m4v', '19', '0', 1, 0, NULL),
(312, 'As Good As It Gets', 'file:///Volumes/2TB%20Drive/iTunes/Movies/As%20Good%20As%20It%20Gets/As%20Good%20As%20It%20Gets.m4v', '25', '0', 1, 0, NULL),
(313, 'Atonement', 'file:///Volumes/2TB%20Drive/iTunes/Movies/Atonement/Atonement.m4v', '25', '0', 1, 0, NULL),
(314, 'Cocktail', 'file:///Volumes/2TB%20Drive/iTunes/Movies/Cocktail/Cocktail.m4v', '25', '0', 1, 0, NULL),
(315, 'BABEL', 'file:///Volumes/2TB%20Drive/iTunes/Movies/BABEL/BABEL.m4v', '25', '0', 1, 0, NULL),
(316, 'Breakfast at Tiffanys', 'file:///Volumes/2TB%20Drive/iTunes/Movies/Breakfast%20at%20Tiffanys/Breakfast%20at%20Tiffanys.m4v', '25', '0', 1, 0, NULL),
(317, 'The BFG', 'file:///Volumes/2TB%20Drive/iTunes/Movies/The%20BFG/The%20BFG.m4v', '24', '0', 1, 0, NULL),
(318, 'Love and Other Disasters', 'file:///Volumes/2TB%20Drive/iTunes/Movies/Love%20and%20Other%20Disasters/Love%20and%20Other%20Disasters.m4v', '25', '0', 1, 0, NULL),
(319, 'Collateral', 'file:///Volumes/2TB%20Drive/iTunes/Movies/Collateral/Collateral.m4v', '25', '0', 1, 0, NULL),
(320, 'Casino Royale', 'file:///Volumes/2TB%20Drive/iTunes/Movies/Casino%20Royale/Casino%20Royale.m4v', '38', '0', 1, 0, NULL),
(321, 'Charlie Wilsons War', 'file:///Volumes/2TB%20Drive/iTunes/Movies/Charlie%20Wilsons%20War/Charlie%20Wilsons%20War.m4v', '25', '0', 1, 0, NULL),
(322, 'City of Angels', 'file:///Volumes/2TB%20Drive/iTunes/Movies/City%20of%20Angels/City%20of%20Angels.m4v', '25', '0', 1, 0, NULL),
(323, 'Gangster No1', 'file:///Volumes/2TB%20Drive/iTunes/Movies/Gangster%20No1/Gangster%20No1.m4v', '55', '0', 1, 0, NULL),
(324, 'Get Carter', 'file:///Volumes/2TB%20Drive/iTunes/Movies/Get%20Carter/Get%20Carter.m4v', '25', '0', 1, 0, NULL),
(325, 'Forrest Gump', 'file:///Volumes/2TB%20Drive/iTunes/Movies/Forrest%20Gump/Forrest%20Gump.m4v', '25', '0', 1, 0, NULL),
(326, 'El Mariachi', 'file:///Volumes/2TB%20Drive/iTunes/Movies/El%20Mariachi/El%20Mariachi.m4v', '18', '0', 1, 0, NULL),
(327, 'Father Christmas', 'file:///Volumes/2TB%20Drive/iTunes/Movies/Father%20Christmas/Father%20Christmas.m4v', '24', '0', 1, 0, NULL),
(328, 'Desperado', 'file:///Volumes/2TB%20Drive/iTunes/Movies/Desperado/Desperado.m4v', '18', '0', 1, 0, NULL),
(329, 'Bodyguards and Assassins', 'file:///Volumes/2TB%20Drive/iTunes/Movies/Bodyguards%20and%20Assassins/Bodyguards%20and%20Assassins.m4v', '63', '0', 1, 0, NULL),
(330, 'Ghost', 'file:///Volumes/2TB%20Drive/iTunes/Movies/Ghost/Ghost.m4v', '25', '0', 1, 0, NULL),
(331, 'Ice Age 3 Dawn of the Dinosaurs', 'file:///Volumes/2TB%20Drive/iTunes/Movies/Ice%20Age%203%20Dawn%20of%20the%20Dinosaurs/Ice%20Age%203%20Dawn%20of%20the%20Dinosaurs.m4v', '24', '0', 1, 0, NULL),
(332, 'March of the Penguins', 'file:///Volumes/2TB%20Drive/iTunes/Movies/March%20of%20the%20Penguins/March%20of%20the%20Penguins.m4v', '47', '0', 1, 0, NULL),
(333, 'The Man in the Iron Mask', 'file:///Volumes/2TB%20Drive/iTunes/Movies/The%20Man%20in%20the%20Iron%20Mask/The%20Man%20in%20the%20Iron%20Mask.m4v', '25', '0', 1, 0, NULL),
(334, 'Madagascar', 'file:///Volumes/2TB%20Drive/iTunes/Movies/Madagascar/Madagascar.m4v', '24', '0', 1, 0, NULL),
(335, 'The Lost World', 'file:///Volumes/2TB%20Drive/iTunes/Movies/The%20Lost%20World/The%20Lost%20World.m4v', '25', '0', 1, 0, NULL),
(336, 'Little Miss Sunshine', 'file:///Volumes/2TB%20Drive/iTunes/Movies/Little%20Miss%20Sunshine/Little%20Miss%20Sunshine.m4v', '25', '0', 1, 0, NULL),
(337, 'Jaws', 'file:///Volumes/2TB%20Drive/iTunes/Movies/Jaws/Jaws.m4v', '55', '0', 1, 0, NULL),
(338, 'King Kong', 'file:///Volumes/2TB%20Drive/iTunes/Movies/King%20Kong/King%20Kong.m4v', '18', '0', 1, 0, NULL),
(339, 'The Incredibles', 'file:///Volumes/2TB%20Drive/iTunes/Movies/The%20Incredibles/The%20Incredibles.m4v', '24', '0', 1, 0, NULL),
(340, 'Hot Shots Part Deux', 'file:///Volumes/2TB%20Drive/iTunes/Movies/Hot%20Shots%20Part%20Deux/Hot%20Shots%20Part%20Deux.m4v', '19', '0', 1, 0, NULL),
(341, 'Hot Shots', 'file:///Volumes/2TB%20Drive/iTunes/Movies/Hot%20Shots/Hot%20Shots.m4v', '19', '0', 1, 0, NULL),
(342, 'Gladiator', 'file:///Volumes/2TB%20Drive/iTunes/Movies/Gladiator/Gladiator.m4v', '18', '0', 1, 0, NULL),
(343, 'The Green Mile', 'file:///Volumes/2TB%20Drive/iTunes/Movies/The%20Green%20Mile/The%20Green%20Mile.m4v', '25', '0', 1, 0, NULL),
(344, 'Paycheck', 'file:///Volumes/2TB%20Drive/iTunes/Movies/Paycheck/Paycheck.m4v', '18', '0', 1, 0, NULL),
(345, 'Patriot Games', 'file:///Volumes/2TB%20Drive/iTunes/Movies/Patriot%20Games/Patriot%20Games.m4v', '18', '0', 1, 0, NULL),
(346, 'Mission Impossible', 'file:///Volumes/2TB%20Drive/iTunes/Movies/Mission%20Impossible/Mission%20Impossible.m4v', '18', '0', 1, 0, NULL),
(347, 'Muppet Treasure Island', 'file:///Volumes/2TB%20Drive/iTunes/Movies/Muppet%20Treasure%20Island/Muppet%20Treasure%20Island.m4v', '24', '0', 1, 0, NULL),
(348, 'Mr Deeds', 'file:///Volumes/2TB%20Drive/iTunes/Movies/Mr%20Deeds/Mr%20Deeds.m4v', '19', '0', 1, 0, NULL),
(349, 'Monsters Inc', 'file:///Volumes/2TB%20Drive/iTunes/Movies/Monsters%20Inc/Monsters%20Inc.m4v', '24', '0', 1, 0, NULL),
(350, 'Minority Report', 'file:///Volumes/2TB%20Drive/iTunes/Movies/Minority%20Report/Minority%20Report.m4v', '18', '0', 1, 0, NULL),
(351, 'Master and Commander: The Far Side of the World', 'file:///Volumes/2TB%20Drive/iTunes/Movies/Master%20and%20Commander_%20The%20Far%20Side%20of%20the%20World/Master%20and%20Commander_%20The%20Far%20Side%20of%20the%20World.m4v', '18', '0', 1, 0, NULL),
(352, 'Michael Clayton', 'file:///Volumes/2TB%20Drive/iTunes/Movies/Michael%20Clayton/Michael%20Clayton.m4v', '25', '0', 1, 0, NULL),
(353, 'Jerry Maguire', 'file:///Volumes/2TB%20Drive/iTunes/Movies/Jerry%20Maguire/Jerry%20Maguire.m4v', '25', '0', 1, 0, NULL),
(354, 'Memoirs of a Geisha', 'file:///Volumes/2TB%20Drive/iTunes/Movies/Memoirs%20of%20a%20Geisha/Memoirs%20of%20a%20Geisha.m4v', '25', '0', 1, 0, NULL),
(355, 'Meet the Fockers', 'file:///Volumes/2TB%20Drive/iTunes/Movies/Meet%20the%20Fockers/Meet%20the%20Fockers.m4v', '19', '0', 1, 0, NULL),
(356, 'There''s Something About Mary', 'file:///Volumes/2TB%20Drive/iTunes/Movies/There''s%20Something%20About%20Mary/There''s%20Something%20About%20Mary.m4v', '19', '0', 1, 0, NULL),
(357, 'Shrek 2', 'file:///Volumes/2TB%20Drive/iTunes/Movies/Shrek%202/Shrek%202.m4v', '24', '0', 1, 0, NULL),
(358, 'Spiderman', 'file:///Volumes/2TB%20Drive/iTunes/Movies/Spiderman/Spiderman.m4v', '18', '0', 1, 0, NULL),
(359, 'Shaun of the Dead', 'file:///Volumes/2TB%20Drive/iTunes/Movies/Shaun%20of%20the%20Dead/Shaun%20of%20the%20Dead.m4v', '19', '0', 1, 0, NULL),
(360, 'The Snowman', 'file:///Volumes/2TB%20Drive/iTunes/Movies/The%20Snowman/The%20Snowman.m4v', '24', '0', 1, 0, NULL),
(361, 'The Shawshank Redemption', 'file:///Volumes/2TB%20Drive/iTunes/Movies/The%20Shawshank%20Redemption/The%20Shawshank%20Redemption.m4v', '25', '0', 1, 0, NULL),
(362, 'Shallow Hal', 'file:///Volumes/2TB%20Drive/iTunes/Movies/Shallow%20Hal/Shallow%20Hal.m4v', '112', '0', 1, 0, NULL),
(363, 'Sex and the City', 'file:///Volumes/2TB%20Drive/iTunes/Movies/Sex%20and%20the%20City/Sex%20and%20the%20City.m4v', '112', '0', 1, 0, NULL),
(364, 'The Rainmaker', 'file:///Volumes/2TB%20Drive/iTunes/Movies/The%20Rainmaker/The%20Rainmaker.m4v', '25', '0', 1, 0, NULL),
(365, 'Pretty Woman', 'file:///Volumes/2TB%20Drive/iTunes/Movies/Pretty%20Woman/Pretty%20Woman.m4v', '112', '0', 1, 0, NULL),
(366, 'Romeo and Juliet', 'file:///Volumes/2TB%20Drive/iTunes/Movies/Romeo%20and%20Juliet/Romeo%20and%20Juliet.m4v', '25', '0', 1, 0, NULL),
(367, 'Roman Holiday', 'file:///Volumes/2TB%20Drive/iTunes/Movies/Roman%20Holiday/Roman%20Holiday.m4v', '19', '0', 1, 0, NULL),
(368, 'Robin Hood Prince of Thieves', 'file:///Volumes/2TB%20Drive/iTunes/Movies/Robin%20Hood%20Prince%20of%20Thieves/Robin%20Hood%20Prince%20of%20Thieves.m4v', '18', '0', 1, 0, NULL),
(369, 'Pearl Harbor', 'file:///Volumes/2TB%20Drive/iTunes/Movies/Pearl%20Harbor/Pearl%20Harbor.m4v', '332', '0', 1, 0, NULL),
(370, 'XXX', 'file:///Volumes/2TB%20Drive/iTunes/Movies/XXX/XXX.m4v', '18', '0', 1, 0, NULL),
(371, 'Top Gun', 'file:///Volumes/2TB%20Drive/iTunes/Movies/Top%20Gun/Top%20Gun.m4v', '18', '0', 1, 0, NULL),
(372, 'Tomb Raider : The Cradle of Life', 'file:///Volumes/2TB%20Drive/iTunes/Movies/Tomb%20Raider%20_%20The%20Cradle%20of%20Life/Tomb%20Raider%20_%20The%20Cradle%20of%20Life.m4v', '18', '0', 1, 0, NULL),
(373, 'UP', 'file:///Volumes/2TB%20Drive/iTunes/Movies/UP/UP.m4v', '24', '0', 1, 0, NULL),
(374, 'The Tuxedo', 'file:///Volumes/2TB%20Drive/iTunes/Movies/The%20Tuxedo/The%20Tuxedo.m4v', '19', '0', 1, 0, NULL),
(375, 'The Pink Panther 5 The trial of the Pink Panther', 'file:///Volumes/2TB%20Drive/iTunes/Movies/The%20Pink%20Panther%205%20The%20trial%20of%20the%20Pink%20Panther/The%20Pink%20Panther%205%20The%20trial%20of%20the%20Pink%20Panther.m4v', '338', '0', 1, 5, NULL),
(376, 'The Pink Panther 4 The Revenge of the Pink Panther', 'file:///Volumes/2TB%20Drive/iTunes/Movies/The%20Pink%20Panther%204%20The%20Revenge%20of%20the%20Pink%20Panther/The%20Pink%20Panther%204%20The%20Revenge%20of%20the%20Pink%20Panther.m4v', '338', '0', 1, 4, NULL),
(377, 'The Pink Panther 3 Strikes Again', 'file:///Volumes/2TB%20Drive/iTunes/Movies/The%20Pink%20Panther%203%20Strikes%20Again/The%20Pink%20Panther%203%20Strikes%20Again.m4v', '338', '0', 1, 3, NULL),
(378, 'The Pink Panther 2 A Shot in the Dark', 'file:///Volumes/2TB%20Drive/iTunes/Movies/The%20Pink%20Panther%202%20A%20Shot%20in%20the%20Dark/The%20Pink%20Panther%202%20A%20Shot%20in%20the%20Dark.m4v', '338', '0', 1, 2, NULL),
(379, 'The Pink Panther', 'file:///Volumes/2TB%20Drive/iTunes/Movies/The%20Pink%20Panther/The%20Pink%20Panther.m4v', '338', '0', 1, 1, NULL),
(380, 'The World is Not Enough', 'file:///Volumes/2TB%20Drive/iTunes/Movies/The%20World%20is%20Not%20Enough/The%20World%20is%20Not%20Enough.m4v', '38', '0', 1, 0, NULL),
(381, 'Who Framed Roger Rabbit', 'file:///Volumes/2TB%20Drive/iTunes/Movies/Who%20Framed%20Roger%20Rabbit/Who%20Framed%20Roger%20Rabbit.m4v', '24', '0', 1, 0, NULL),
(382, 'Tomb Raider', 'file:///Volumes/2TB%20Drive/iTunes/Movies/Tomb%20Raider/Tomb%20Raider.m4v', '18', '0', 1, 0, NULL),
(383, 'We Were Soldiers', 'file:///Volumes/2TB%20Drive/iTunes/Movies/We%20Were%20Soldiers/We%20Were%20Soldiers.m4v', '332', '0', 1, 0, NULL),
(384, 'Wait Until Dark', 'file:///Volumes/2TB%20Drive/iTunes/Movies/Wait%20Until%20Dark/Wait%20Until%20Dark.m4v', '25', '0', 1, 0, NULL),
(385, 'HARA KIRI - Death of a Samurai', 'file:///Volumes/2TB%20Drive/iTunes/Movies/HARA%20KIRI%20-%20Death%20of%20a%20Samurai/HARA%20KIRI%20-%20Death%20of%20a%20Samurai.m4v', '25', '0', 1, 0, NULL),
(386, 'The Bounty Hunter', 'file:///Volumes/2TB%20Drive/iTunes/Movies/The%20Bounty%20Hunter/The%20Bounty%20Hunter.m4v', '112', '0', 1, 0, NULL),
(387, 'Toy Story 2', 'file:///Volumes/2TB%20Drive/iTunes/Movies/Toy%20Story%202/Toy%20Story%202.m4v', '24', '0', 1, 0, NULL),
(388, 'Toy Story', 'file:///Volumes/2TB%20Drive/iTunes/Movies/Toy%20Story/Toy%20Story.m4v', '24', '0', 1, 0, NULL),
(389, 'Cast Away', 'file:///Volumes/2TB%20Drive/iTunes/Movies/Cast%20Away/Cast%20Away.m4v', '25', '0', 1, 0, NULL),
(390, 'The Blind Side', 'file:///Volumes/2TB%20Drive/iTunes/Movies/The%20Blind%20Side/The%20Blind%20Side.m4v', '25', '0', 1, 0, NULL),
(391, 'The Hunt For Red October', 'file:///Volumes/2TB%20Drive/iTunes/Movies/The%20Hunt%20For%20Red%20October/The%20Hunt%20For%20Red%20October.m4v', '25', '0', 1, 0, NULL),
(392, 'Slumdog Millionaire', 'file:///Volumes/2TB%20Drive/iTunes/Movies/Slumdog%20Millionaire/Slumdog%20Millionaire.m4v', '25', '0', 1, 0, NULL),
(393, 'The Mask', 'file:///Volumes/2TB%20Drive/iTunes/Movies/The%20Mask/The%20Mask.m4v', '19', '0', 1, 0, NULL),
(394, 'Billy Connolly - Was It Something I Said', 'file:///Volumes/2TB%20Drive/iTunes/Movies/Billy%20Connolly%20-%20Was%20It%20Something%20I%20Said/Billy%20Connolly%20-%20Was%20It%20Something%20I%20Said.m4v', '19', '0', 1, 0, NULL),
(395, 'Deja Vu', 'file:///Volumes/2TB%20Drive/iTunes/Movies/Deja%20Vu/Deja%20Vu.m4v', '18', '0', 1, 0, NULL),
(396, 'Toy Story 3', 'file:///Volumes/2TB%20Drive/iTunes/Movies/Toy%20Story%203/Toy%20Story%203.m4v', '24', '0', 1, 0, NULL),
(397, 'The Hangover', 'file:///Volumes/2TB%20Drive/iTunes/Movies/The%20Hangover/The%20Hangover.m4v', '19', '0', 1, 0, NULL),
(398, 'Kung Fu Panda 2', 'file:///Volumes/2TB%20Drive/iTunes/Movies/Kung%20Fu%20Panda%202/Kung%20Fu%20Panda%202.m4v', '24', '0', 1, 0, NULL),
(399, 'Sherlock Holmes', 'file:///Volumes/2TB%20Drive/iTunes/Movies/Sherlock%20Holmes/Sherlock%20Holmes.m4v', '18', '0', 1, 0, NULL),
(400, 'Tower Heist', 'file:///Volumes/2TB%20Drive/iTunes/Movies/Tower%20Heist/Tower%20Heist.m4v', '19', '0', 1, 0, NULL),
(401, 'Mission Impossible 4: Ghost Protocol', 'file:///Volumes/2TB%20Drive/iTunes/Movies/Mission%20Impossible%204_%20Ghost%20Protocol/Mission%20Impossible%204_%20Ghost%20Protocol.m4v', '18', '0', 1, 0, NULL),
(402, 'Marvels The Avengers', 'file:///Volumes/2TB%20Drive/iTunes/Movies/Marvels%20The%20Avengers/Marvels%20The%20Avengers.m4v', '53', '0', 1, 0, NULL),
(403, 'Mission Impossible 2', 'file:///Volumes/2TB%20Drive/iTunes/Movies/Mission%20Impossible%202/Mission%20Impossible%202.m4v', '18', '0', 1, 0, NULL),
(404, 'For Your Eyes Only', 'file:///Volumes/2TB%20Drive/iTunes/Movies/For%20Your%20Eyes%20Only/For%20Your%20Eyes%20Only.m4v', '38', '0', 1, 0, NULL),
(405, 'Octopussy', 'file:///Volumes/2TB%20Drive/iTunes/Movies/Octopussy/Octopussy.m4v', '38', '0', 1, 0, NULL),
(406, 'The Great Escape', 'file:///Volumes/2TB%20Drive/iTunes/Movies/The%20Great%20Escape/The%20Great%20Escape.m4v', '332', '0', 1, 0, NULL),
(407, 'A View To A Kill', 'file:///Volumes/2TB%20Drive/iTunes/Movies/A%20View%20To%20A%20Kill/A%20View%20To%20A%20Kill.m4v', '38', '0', 1, 0, NULL),
(408, 'The Spy Who Loved Me', 'file:///Volumes/2TB%20Drive/iTunes/Movies/The%20Spy%20Who%20Loved%20Me/The%20Spy%20Who%20Loved%20Me.m4v', '38', '0', 1, 0, NULL),
(409, 'The Living Daylights', 'file:///Volumes/2TB%20Drive/iTunes/Movies/The%20Living%20Daylights/The%20Living%20Daylights.m4v', '38', '0', 1, 0, NULL),
(410, 'From Russia With Love', 'file:///Volumes/2TB%20Drive/iTunes/Movies/From%20Russia%20With%20Love/From%20Russia%20With%20Love.m4v', '38', '0', 1, 0, NULL),
(411, 'Home Alone', 'file:///Volumes/2TB%20Drive/iTunes/Movies/Home%20Alone/Home%20Alone.m4v', '19', '0', 1, 0, NULL),
(412, 'Sherlock Holmes - A Game of Shadows', 'file:///Volumes/2TB%20Drive/iTunes/Movies/Sherlock%20Holmes%20-%20A%20Game%20of%20Shadows/Sherlock%20Holmes%20-%20A%20Game%20of%20Shadows.m4v', '18', '0', 1, 0, NULL),
(413, 'Dreamgirls', 'file:///Volumes/2TB%20Drive/iTunes/Movies/Dreamgirls/Dreamgirls.m4v', '87', '0', 1, 0, NULL),
(414, 'BRAVE', 'file:///Volumes/2TB%20Drive/iTunes/Movies/BRAVE/BRAVE.m4v', '24', '0', 1, 0, NULL),
(415, 'Arthur Christmas', 'file:///Volumes/2TB%20Drive/iTunes/Movies/Arthur%20Christmas/Arthur%20Christmas.m4v', '24', '0', 1, 0, NULL),
(416, 'Pulp Fiction', 'file:///Volumes/2TB%20Drive/iTunes/Movies/Pulp%20Fiction/Pulp%20Fiction.m4v', '25', '0', 1, 0, NULL),
(417, 'The Holiday', 'file:///Volumes/2TB%20Drive/iTunes/Movies/The%20Holiday/The%20Holiday.m4v', '112', '0', 1, 0, NULL),
(418, 'Limitless', 'file:///Volumes/2TB%20Drive/iTunes/Movies/Limitless/Limitless.m4v', '25', '0', 1, 0, NULL),
(419, 'The Pirates! In an Adventure with Scientists', 'file:///Volumes/2TB%20Drive/iTunes/Movies/The%20Pirates!%20In%20an%20Adventure%20with%20Scientists/The%20Pirates!%20In%20an%20Adventure%20with%20Scientists.m4v', '24', '0', 1, 0, NULL),
(420, 'Mulan', 'file:///Volumes/2TB%20Drive/iTunes/Movies/Mulan/Mulan.m4v', '332', '0', 1, 0, NULL),
(421, 'Best Exotic Marigold Hotel', 'file:///Volumes/2TB%20Drive/iTunes/Movies/Best%20Exotic%20Marigold%20Hotel/Best%20Exotic%20Marigold%20Hotel.m4v', '25', '0', 1, 0, NULL),
(422, 'BORAT', 'file:///Volumes/2TB%20Drive/iTunes/Movies/BORAT/BORAT.m4v', '19', '0', 1, 0, NULL),
(423, 'Star Trek - First Contact', 'file:///Volumes/2TB%20Drive/iTunes/Movies/Star%20Trek%20-%20First%20Contact/Star%20Trek%20-%20First%20Contact.m4v', '1', '0', 1, 0, NULL),
(424, 'American Gangster', 'file:///Volumes/2TB%20Drive/iTunes/Movies/American%20Gangster/American%20Gangster.m4v', '25', '0', 1, 0, NULL),
(425, 'Men In Black 3', 'file:///Volumes/2TB%20Drive/iTunes/Movies/Men%20In%20Black%203/Men%20In%20Black%203.m4v', '18', '0', 1, 0, NULL),
(426, '21 Jump Street', 'file:///Volumes/2TB%20Drive/iTunes/Movies/21%20Jump%20Street/21%20Jump%20Street.m4v', '19', '0', 1, 0, NULL),
(427, 'The Ides of March', 'file:///Volumes/2TB%20Drive/iTunes/Movies/The%20Ides%20of%20March/The%20Ides%20of%20March.m4v', '25', '0', 1, 0, NULL),
(428, 'Inception', 'file:///Volumes/2TB%20Drive/iTunes/Movies/Inception/Inception.m4v', '18', '0', 1, 0, NULL),
(429, 'The Iron Lady', 'file:///Volumes/2TB%20Drive/iTunes/Movies/The%20Iron%20Lady/The%20Iron%20Lady.m4v', '25', '0', 1, 0, NULL),
(430, 'Merantau Warrior', 'file:///Volumes/2TB%20Drive/iTunes/Movies/Merantau%20Warrior/Merantau%20Warrior.m4v', '63', '0', 1, 0, NULL),
(431, 'The Dark Knight Rises', 'file:///Volumes/2TB%20Drive/iTunes/Movies/The%20Dark%20Knight%20Rises/The%20Dark%20Knight%20Rises.m4v', '18', '0', 1, 0, NULL),
(432, 'Bridesmaids', 'file:///Volumes/2TB%20Drive/iTunes/Movies/Bridesmaids/Bridesmaids.m4v', '19', '0', 1, 0, NULL),
(433, 'SKYFALL', 'file:///Volumes/2TB%20Drive/iTunes/Movies/SKYFALL/SKYFALL.m4v', '38', '0', 1, 0, NULL),
(434, 'Safe House', 'file:///Volumes/2TB%20Drive/iTunes/Movies/Safe%20House/Safe%20House.m4v', '18', '0', 1, 0, NULL),
(435, 'The Sitter', 'file:///Volumes/2TB%20Drive/iTunes/Movies/The%20Sitter/The%20Sitter.m4v', '19', '0', 1, 0, NULL),
(436, 'HUGO', 'file:///Volumes/2TB%20Drive/iTunes/Movies/HUGO/HUGO.m4v', '24', '0', 1, 0, NULL),
(437, 'Moneyball', 'file:///Volumes/2TB%20Drive/iTunes/Movies/Moneyball/Moneyball.m4v', '25', '0', 1, 0, NULL),
(438, 'The Expendables 2', 'file:///Volumes/2TB%20Drive/iTunes/Movies/The%20Expendables%202/The%20Expendables%202.m4v', '18', '0', 1, 0, NULL),
(439, 'The Dictator', 'file:///Volumes/2TB%20Drive/iTunes/Movies/The%20Dictator/The%20Dictator.m4v', '19', '0', 1, 0, NULL),
(440, 'Star Trek - Into Darkness', 'file:///Volumes/2TB%20Drive/iTunes/Movies/Star%20Trek%20-%20Into%20Darkness/Star%20Trek%20-%20Into%20Darkness.m4v', '1', '0', 1, 0, NULL),
(441, 'SAFE', 'file:///Volumes/2TB%20Drive/iTunes/Movies/SAFE/SAFE.m4v', '18', '0', 1, 0, NULL),
(442, 'Fast and Furious 5', 'file:///Volumes/2TB%20Drive/iTunes/Movies/Fast%20and%20Furious%205/Fast%20and%20Furious%205.m4v', '18', '0', 1, 0, NULL),
(443, 'NORMAL - BMX Video', 'file:///Volumes/2TB%20Drive/iTunes/Movies/NORMAL%20-%20BMX%20Video/NORMAL%20-%20BMX%20Video.m4v', '75', '0', 1, 0, NULL),
(444, 'The Bourne Legacy', 'file:///Volumes/2TB%20Drive/iTunes/Movies/The%20Bourne%20Legacy/The%20Bourne%20Legacy.m4v', '18', '0', 1, 0, NULL),
(445, 'The Hobbit - An Unexpected Journey', 'file:///Volumes/2TB%20Drive/iTunes/Movies/The%20Hobbit%20-%20An%20Unexpected%20Journey/The%20Hobbit%20-%20An%20Unexpected%20Journey.m4v', '18', '0', 1, 0, NULL),
(446, 'Just Go With It', 'file:///Volumes/2TB%20Drive/iTunes/Movies/Just%20Go%20With%20It/Just%20Go%20With%20It.m4v', '112', '0', 1, 0, NULL),
(447, 'Law Abiding Citizen', 'file:///Volumes/2TB%20Drive/iTunes/Movies/Law%20Abiding%20Citizen/Law%20Abiding%20Citizen.m4v', '25', '0', 1, 0, NULL),
(448, 'Tinker Tailer Soldier Spy', 'file:///Volumes/2TB%20Drive/iTunes/Movies/Tinker%20Tailer%20Soldier%20Spy/Tinker%20Tailer%20Soldier%20Spy.m4v', '25', '0', 1, 0, NULL),
(449, 'Monsters University', 'file:///Volumes/2TB%20Drive/iTunes/Movies/Monsters%20University/Monsters%20University.m4v', '24', '0', 1, 0, NULL),
(450, 'Iron Man 3', 'file:///Volumes/2TB%20Drive/iTunes/Movies/Iron%20Man%203/Iron%20Man%203.m4v', '53', '0', 1, 0, NULL),
(451, 'Spy Game', 'file:///Volumes/2TB%20Drive/iTunes/Movies/Spy%20Game/Spy%20Game.m4v', '18', '0', 1, 0, NULL),
(452, 'Man On A Ledge', 'file:///Volumes/2TB%20Drive/iTunes/Movies/Man%20On%20A%20Ledge/Man%20On%20A%20Ledge.m4v', '25', '0', 1, 0, NULL),
(453, 'Eat Pray Love', 'file:///Volumes/2TB%20Drive/iTunes/Movies/Eat%20Pray%20Love/Eat%20Pray%20Love.m4v', '25', '0', 1, 0, NULL),
(454, 'The Tourist', 'file:///Volumes/2TB%20Drive/iTunes/Movies/The%20Tourist/The%20Tourist.m4v', '25', '0', 1, 0, NULL),
(455, 'Despicable Me', 'file:///Volumes/2TB%20Drive/iTunes/Movies/Despicable%20Me/Despicable%20Me.m4v', '24', '0', 1, 0, NULL),
(456, 'Flight of the Navigator', 'file:///Volumes/2TB%20Drive/iTunes/Movies/Flight%20of%20the%20Navigator/Flight%20of%20the%20Navigator.m4v', '1', '0', 1, 0, NULL),
(457, 'Short Circuit', 'file:///Volumes/2TB%20Drive/iTunes/Movies/Short%20Circuit/Short%20Circuit.m4v', '1', '0', 1, 0, NULL),
(458, 'The Expendables', 'file:///Volumes/2TB%20Drive/iTunes/Movies/The%20Expendables/The%20Expendables.m4v', '18', '0', 1, 0, NULL),
(459, 'Tangled', 'file:///Volumes/2TB%20Drive/iTunes/Movies/Tangled/Tangled.m4v', '24', '0', 1, 0, NULL),
(460, 'Fast and Furious 6', 'file:///Volumes/2TB%20Drive/iTunes/Movies/Fast%20and%20Furious%206/Fast%20and%20Furious%206.m4v', '18', '0', 1, 0, NULL),
(461, 'Happy Feet Two', 'file:///Volumes/2TB%20Drive/iTunes/Movies/Happy%20Feet%20Two/Happy%20Feet%20Two.m4v', '24', '0', 1, 0, NULL),
(462, 'Warrior', 'file:///Volumes/2TB%20Drive/iTunes/Movies/Warrior/Warrior.m4v', '25', '0', 1, 0, NULL),
(463, 'RED 2', 'file:///Volumes/2TB%20Drive/iTunes/Movies/RED%202/RED%202.m4v', '18', '0', 1, 0, NULL),
(464, 'ARGO', 'file:///Volumes/2TB%20Drive/iTunes/Movies/ARGO/ARGO.m4v', '25', '0', 1, 0, NULL),
(465, 'Now You See Me', 'file:///Volumes/2TB%20Drive/iTunes/Movies/Now%20You%20See%20Me/Now%20You%20See%20Me.m4v', '25', '0', 1, 0, NULL),
(466, 'Despicable Me 2', 'file:///Volumes/2TB%20Drive/iTunes/Movies/Despicable%20Me%202/Despicable%20Me%202.m4v', '24', '0', 1, 0, NULL),
(467, 'Gangster Squad', 'file:///Volumes/2TB%20Drive/iTunes/Movies/Gangster%20Squad/Gangster%20Squad.m4v', '25', '0', 1, 0, NULL),
(468, 'The Great Gatsby', 'file:///Volumes/2TB%20Drive/iTunes/Movies/The%20Great%20Gatsby/The%20Great%20Gatsby.m4v', '25', '0', 1, 0, NULL),
(469, 'RUSH', 'file:///Volumes/2TB%20Drive/iTunes/Movies/RUSH/RUSH.m4v', '25', '0', 1, 0, NULL),
(470, 'Red Cliff Three Kingdoms', 'file:///Volumes/2TB%20Drive/iTunes/Movies/Red%20Cliff%20Three%20Kingdoms/Red%20Cliff%20Three%20Kingdoms.m4v', '63', '0', 1, 0, NULL),
(471, 'Legend of the Shadowless Sword', 'file:///Volumes/2TB%20Drive/iTunes/Movies/Legend%20of%20the%20Shadowless%20Sword/Legend%20of%20the%20Shadowless%20Sword.m4v', '63', '0', 1, 0, NULL),
(472, 'The Adjustment Bureau', 'file:///Volumes/2TB%20Drive/iTunes/Movies/The%20Adjustment%20Bureau/The%20Adjustment%20Bureau.m4v', '25', '0', 1, 0, NULL),
(475, 'GI Joe Retaliation', 'file:///Volumes/2TB%20Drive/iTunes/Movies/GI%20Joe%20Retaliation/GI%20Joe%20Retaliation.m4v', '18', '0', 1, 0, NULL),
(476, 'The Forbidden Kingdom', 'file:///Volumes/2TB%20Drive/iTunes/Movies/The%20Forbidden%20Kingdom/The%20Forbidden%20Kingdom.m4v', '63', '0', 1, 0, NULL),
(477, 'Man of Steel', 'file:///Volumes/2TB%20Drive/iTunes/Movies/Man%20of%20Steel/Man%20of%20Steel.m4v', '1', '0', 1, 0, NULL),
(478, 'Thor - The Dark World', 'file:///Volumes/2TB%20Drive/iTunes/Movies/Thor%20-%20The%20Dark%20World/Thor%20-%20The%20Dark%20World.m4v', '53', '0', 1, 0, NULL),
(479, 'Mission Impossible 3', 'file:///Volumes/2TB%20Drive/iTunes/Movies/Mission%20Impossible%203/Mission%20Impossible%203.m4v', '18', '0', 1, 0, NULL),
(480, 'Charlie and the Chocolate Factory', 'file:///Volumes/2TB%20Drive/iTunes/Movies/Charlie%20and%20the%20Chocolate%20Factory/Charlie%20and%20the%20Chocolate%20Factory.m4v', '24', '0', 1, 0, NULL),
(481, 'The Wolverine', 'file:///Volumes/2TB%20Drive/iTunes/Movies/The%20Wolverine/The%20Wolverine.m4v', '53', '0', 1, 0, NULL),
(482, 'Alan Partridge - Alpha Papa', 'file:///Volumes/2TB%20Drive/iTunes/Movies/Alan%20Partridge%20-%20Alpha%20Papa/Alan%20Partridge%20-%20Alpha%20Papa.m4v', '19', '0', 1, 0, NULL);
INSERT INTO `main` (`id`, `title`, `path`, `genre`, `group`, `type`, `series_num`, `tv_season`) VALUES
(483, 'BBC Storyville 2014 The Lance Armstrong Story Stop at Nothing', 'file:///Volumes/2TB%20Drive/iTunes/Movies/BBC%20Storyville%202014%20The%20Lance%20Armstrong%20Story%20Stop%20at%20Nothing/BBC%20Storyville%202014%20The%20Lance%20Armstrong%20Story%20Stop%20at%20Nothing.m4v', '75', '0', 1, 0, NULL),
(485, 'PAUL', 'file:///Volumes/2TB%20Drive/iTunes/Movies/PAUL/PAUL.m4v', '19', '0', 1, 0, NULL),
(486, 'Project X', 'file:///Volumes/2TB%20Drive/iTunes/Movies/Project%20X/Project%20X.m4v', '25', '0', 1, 0, NULL),
(487, 'The Wolf of Wall Street', 'file:///Volumes/2TB%20Drive/iTunes/Movies/The%20Wolf%20of%20Wall%20Street/The%20Wolf%20of%20Wall%20Street.m4v', '25', '0', 1, 0, NULL),
(488, 'John Carter', 'file:///Volumes/2TB%20Drive/iTunes/Movies/John%20Carter/John%20Carter.m4v', '1', '0', 1, 0, NULL),
(489, 'Machete', 'file:///Volumes/2TB%20Drive/iTunes/Movies/Machete/Machete.m4v', '18', '0', 1, 0, NULL),
(490, 'The Hobbit - The Desolation of Smaug', 'file:///Volumes/2TB%20Drive/iTunes/Movies/The%20Hobbit%20-%20The%20Desolation%20of%20Smaug/The%20Hobbit%20-%20The%20Desolation%20of%20Smaug.m4v', '179', '0', 1, 0, NULL),
(491, 'Killer Elite', 'file:///Volumes/2TB%20Drive/iTunes/Movies/Killer%20Elite/Killer%20Elite.m4v', '18', '0', 1, 0, NULL),
(492, 'The Monuments Men', 'file:///Volumes/2TB%20Drive/iTunes/Movies/The%20Monuments%20Men/The%20Monuments%20Men.m4v', '25', '0', 1, 0, NULL),
(493, 'The Lego Movie', 'file:///Volumes/2TB%20Drive/iTunes/Movies/The%20Lego%20Movie/The%20Lego%20Movie.m4v', '19', '0', 1, 0, NULL),
(494, 'Morning Glory', 'file:///Volumes/2TB%20Drive/iTunes/Movies/Morning%20Glory/Morning%20Glory.m4v', '112', '0', 1, 0, NULL),
(496, 'Life As We Know It', 'file:///Volumes/2TB%20Drive/iTunes/Movies/Life%20As%20We%20Know%20It/Life%20As%20We%20Know%20It.m4v', '112', '0', 1, 0, NULL),
(497, 'Autana', 'file:///Volumes/2TB%20Drive/iTunes/Movies/Autana/Autana.mp4', '75', '0', 1, 0, NULL),
(498, 'Killing Season', 'file:///Volumes/2TB%20Drive/iTunes/Movies/Killing%20Season/Killing%20Season.m4v', '25', '0', 1, 0, NULL),
(500, 'Captain America The Winter Soldier', 'file:///Volumes/2TB%20Drive/iTunes/Movies/Captain%20America%20The%20Winter%20Soldier/Captain%20America%20The%20Winter%20Soldier.m4v', '53', '0', 1, 0, NULL),
(501, '22 Jump Street', 'file:///Volumes/2TB%20Drive/iTunes/Movies/22%20Jump%20Street/22%20Jump%20Street.m4v', '19', '0', 1, 0, NULL),
(502, 'One For The Money', 'file:///Volumes/2TB%20Drive/iTunes/Movies/One%20For%20The%20Money/One%20For%20The%20Money.m4v', '112', '0', 1, 0, NULL),
(2171, 'Sexy', 'file:///Volumes/2TB%20Drive/iTunes/TV%20Shows/Glee/Season%202/Sexy.m4v', '87', '330', 2, 15, 0),
(2172, 'Original Song', 'file:///Volumes/2TB%20Drive/iTunes/TV%20Shows/Glee/Season%202/Original%20Song.m4v', '87', '330', 2, 16, 0),
(2173, 'Drop Dead Diva - 2x10 - Will & Grayson', 'file:///Volumes/2TB%20Drive/iTunes/TV%20Shows/Drop%20Dead%20Diva/Season%202/Drop%20Dead%20Diva%20-%202x10%20-%20Will%20&%20Grayson.m4v', '2806', '332', 2, 10, 0),
(2174, 'Drop Dead Diva - 2x01 - Would I Lie To You', 'file:///Volumes/2TB%20Drive/iTunes/TV%20Shows/Drop%20Dead%20Diva/Season%202/Drop%20Dead%20Diva%20-%202x01%20-%20Would%20I%20Lie%20To%20You.m4v', '2806', '332', 2, 1, 0),
(2175, 'Drop Dead Diva - 2x08 - Queen Of Mean', 'file:///Volumes/2TB%20Drive/iTunes/TV%20Shows/Drop%20Dead%20Diva/Season%202/Drop%20Dead%20Diva%20-%202x08%20-%20Queen%20Of%20Mean.m4v', '2806', '332', 2, 8, 0),
(2176, 'Drop Dead Diva - 2x05 - Senti-Mental Journey', 'file:///Volumes/2TB%20Drive/iTunes/TV%20Shows/Drop%20Dead%20Diva/Season%202/Drop%20Dead%20Diva%20-%202x05%20-%20Senti-Mental%20Journey.m4v', '2806', '332', 2, 5, 0),
(2177, 'Drop Dead Diva - 2x11 - Good Grief', 'file:///Volumes/2TB%20Drive/iTunes/TV%20Shows/Drop%20Dead%20Diva/Season%202/Drop%20Dead%20Diva%20-%202x11%20-%20Good%20Grief.m4v', '2806', '332', 2, 11, 0),
(2178, 'Drop Dead Diva - 2x03 - The Long Road To Napa', 'file:///Volumes/2TB%20Drive/iTunes/TV%20Shows/Drop%20Dead%20Diva/Season%202/Drop%20Dead%20Diva%20-%202x03%20-%20The%20Long%20Road%20To%20Napa.m4v', '2806', '332', 2, 3, 0),
(2179, 'Drop Dead Diva - 2x12-13 - Bad Girls - Freeze The Day', 'file:///Volumes/2TB%20Drive/iTunes/TV%20Shows/Drop%20Dead%20Diva/Season%202/Drop%20Dead%20Diva%20-%202x12-13%20-%20Bad%20Girls%20-%20Freeze%20The%20Day.m4v', '2806', '332', 2, 12, 0),
(2180, 'Drop Dead Diva - 2x06 - Begin Again', 'file:///Volumes/2TB%20Drive/iTunes/TV%20Shows/Drop%20Dead%20Diva/Season%202/Drop%20Dead%20Diva%20-%202x06%20-%20Begin%20Again.m4v', '2806', '332', 2, 6, 0),
(2181, 'Drop Dead Diva - 2x04 - Home Away From Home', 'file:///Volumes/2TB%20Drive/iTunes/TV%20Shows/Drop%20Dead%20Diva/Season%202/Drop%20Dead%20Diva%20-%202x04%20-%20Home%20Away%20From%20Home.m4v', '2806', '332', 2, 4, 0),
(2182, 'Drop Dead Diva - 2x02 - Back From The Dead', 'file:///Volumes/2TB%20Drive/iTunes/TV%20Shows/Drop%20Dead%20Diva/Season%202/Drop%20Dead%20Diva%20-%202x02%20-%20Back%20From%20The%20Dead.m4v', '2806', '332', 2, 2, 0),
(2183, 'Drop Dead Diva - 2x07 - A Mother''s Secret', 'file:///Volumes/2TB%20Drive/iTunes/TV%20Shows/Drop%20Dead%20Diva/Season%202/Drop%20Dead%20Diva%20-%202x07%20-%20A%20Mother''s%20Secret.m4v', '2806', '332', 2, 7, 0),
(2184, 'Drop Dead Diva - 2x09 - Last Year''s Model', 'file:///Volumes/2TB%20Drive/iTunes/TV%20Shows/Drop%20Dead%20Diva/Season%202/Drop%20Dead%20Diva%20-%202x09%20-%20Last%20Year''s%20Model.m4v', '2806', '332', 2, 9, 0),
(2195, 'CSI NY S6E01', 'file:///Volumes/2TB%20Drive/iTunes/TV%20Shows/CSI%20NY/Season%206/CSI%20NY%20S6E01.m4v', '2828', '344', 2, 1, 0),
(2196, 'CSI NY S6E02', 'file:///Volumes/2TB%20Drive/iTunes/TV%20Shows/CSI%20NY/Season%206/CSI%20NY%20S6E02.m4v', '2828', '344', 2, 2, 0),
(2197, 'CSI NY S6E03', 'file:///Volumes/2TB%20Drive/iTunes/TV%20Shows/CSI%20NY/Season%206/CSI%20NY%20S6E03.m4v', '2828', '344', 2, 3, 0),
(2198, 'CSI NY S6E04', 'file:///Volumes/2TB%20Drive/iTunes/TV%20Shows/CSI%20NY/Season%206/CSI%20NY%20S6E04.m4v', '2828', '344', 2, 4, 0),
(2199, 'CSI NY S6E05', 'file:///Volumes/2TB%20Drive/iTunes/TV%20Shows/CSI%20NY/Season%206/CSI%20NY%20S6E05.m4v', '2828', '344', 2, 5, 0),
(2200, 'CSI NY S6E06', 'file:///Volumes/2TB%20Drive/iTunes/TV%20Shows/CSI%20NY/Season%206/CSI%20NY%20S6E06.m4v', '2828', '344', 2, 6, 0),
(2201, 'CSI NY S6E07', 'file:///Volumes/2TB%20Drive/iTunes/TV%20Shows/CSI%20NY/Season%206/CSI%20NY%20S6E07.m4v', '2828', '344', 2, 7, 0),
(2202, 'CSI NY S6E08', 'file:///Volumes/2TB%20Drive/iTunes/TV%20Shows/CSI%20NY/Season%206/CSI%20NY%20S6E08.m4v', '2828', '344', 2, 8, 0),
(2203, 'CSI NY S6E09', 'file:///Volumes/2TB%20Drive/iTunes/TV%20Shows/CSI%20NY/Season%206/CSI%20NY%20S6E09.m4v', '2828', '344', 2, 9, 0),
(2204, 'CSI NY S6E10', 'file:///Volumes/2TB%20Drive/iTunes/TV%20Shows/CSI%20NY/Season%206/CSI%20NY%20S6E10.m4v', '2828', '344', 2, 10, 0),
(2205, 'CSI NY S6E11', 'file:///Volumes/2TB%20Drive/iTunes/TV%20Shows/CSI%20NY/Season%206/CSI%20NY%20S6E11.m4v', '2828', '344', 2, 11, 0),
(2206, 'CSI NY S6E12', 'file:///Volumes/2TB%20Drive/iTunes/TV%20Shows/CSI%20NY/Season%206/CSI%20NY%20S6E12.m4v', '2828', '344', 2, 12, 0),
(2207, 'CSI NY S6E13', 'file:///Volumes/2TB%20Drive/iTunes/TV%20Shows/CSI%20NY/Season%206/CSI%20NY%20S6E13.m4v', '2828', '344', 2, 13, 0),
(2208, 'CSI NY S6E14', 'file:///Volumes/2TB%20Drive/iTunes/TV%20Shows/CSI%20NY/Season%206/CSI%20NY%20S6E14.m4v', '2828', '344', 2, 14, 0),
(2209, 'CSI NY S6E15', 'file:///Volumes/2TB%20Drive/iTunes/TV%20Shows/CSI%20NY/Season%206/CSI%20NY%20S6E15.m4v', '2828', '344', 2, 15, 0),
(2210, 'CSI NY S6E16', 'file:///Volumes/2TB%20Drive/iTunes/TV%20Shows/CSI%20NY/Season%206/CSI%20NY%20S6E16.m4v', '2828', '344', 2, 16, 0),
(2211, 'CSI NY S6E17', 'file:///Volumes/2TB%20Drive/iTunes/TV%20Shows/CSI%20NY/Season%206/CSI%20NY%20S6E17.m4v', '2828', '344', 2, 17, 0),
(2212, 'CSI NY S6E18', 'file:///Volumes/2TB%20Drive/iTunes/TV%20Shows/CSI%20NY/Season%206/CSI%20NY%20S6E18.m4v', '2828', '344', 2, 18, 0),
(2213, 'CSI NY S6E19', 'file:///Volumes/2TB%20Drive/iTunes/TV%20Shows/CSI%20NY/Season%206/CSI%20NY%20S6E19.m4v', '2828', '344', 2, 19, 0),
(2214, 'CSI NY S6E20', 'file:///Volumes/2TB%20Drive/iTunes/TV%20Shows/CSI%20NY/Season%206/CSI%20NY%20S6E20.m4v', '2828', '344', 2, 20, 0),
(2215, 'CSI NY S6E21', 'file:///Volumes/2TB%20Drive/iTunes/TV%20Shows/CSI%20NY/Season%206/CSI%20NY%20S6E21.m4v', '2828', '344', 2, 21, 0),
(2216, 'CSI NY S6E22', 'file:///Volumes/2TB%20Drive/iTunes/TV%20Shows/CSI%20NY/Season%206/CSI%20NY%20S6E22.m4v', '2828', '344', 2, 22, 0),
(2217, 'CSI NY S6E23', 'file:///Volumes/2TB%20Drive/iTunes/TV%20Shows/CSI%20NY/Season%206/CSI%20NY%20S6E23.m4v', '2828', '344', 2, 23, 0),
(2218, 'Drop Dead Diva S03 E01', 'file:///Volumes/2TB%20Drive/iTunes/TV%20Shows/Drop%20Dead%20Diva/Season%203/Drop%20Dead%20Diva%20S03%20E01.m4v', '2806', '332', 2, 1, 0),
(2219, 'Drop Dead Diva S03 E02', 'file:///Volumes/2TB%20Drive/iTunes/TV%20Shows/Drop%20Dead%20Diva/Season%203/Drop%20Dead%20Diva%20S03%20E02.m4v', '2806', '332', 2, 2, 0),
(2220, 'Drop Dead Diva S03 E03', 'file:///Volumes/2TB%20Drive/iTunes/TV%20Shows/Drop%20Dead%20Diva/Season%203/Drop%20Dead%20Diva%20S03%20E03.m4v', '2806', '332', 2, 3, 0),
(2221, 'Drop Dead Diva S03 E04', 'file:///Volumes/2TB%20Drive/iTunes/TV%20Shows/Drop%20Dead%20Diva/Season%203/Drop%20Dead%20Diva%20S03%20E04.m4v', '2806', '332', 2, 4, 0),
(2222, 'Drop Dead Diva S03 E05', 'file:///Volumes/2TB%20Drive/iTunes/TV%20Shows/Drop%20Dead%20Diva/Season%203/Drop%20Dead%20Diva%20S03%20E05.m4v', '2806', '332', 2, 5, 0),
(2223, 'Drop Dead Diva S03 E06', 'file:///Volumes/2TB%20Drive/iTunes/TV%20Shows/Drop%20Dead%20Diva/Season%203/Drop%20Dead%20Diva%20S03%20E06.m4v', '2806', '332', 2, 6, 0),
(2224, 'Drop Dead Diva S03 E07', 'file:///Volumes/2TB%20Drive/iTunes/TV%20Shows/Drop%20Dead%20Diva/Season%203/Drop%20Dead%20Diva%20S03%20E07.m4v', '2806', '332', 2, 7, 0),
(2225, 'Drop Dead Diva S03 E08', 'file:///Volumes/2TB%20Drive/iTunes/TV%20Shows/Drop%20Dead%20Diva/Season%203/Drop%20Dead%20Diva%20S03%20E08.m4v', '2806', '332', 2, 8, 0),
(2226, 'Drop Dead Diva S03 E09', 'file:///Volumes/2TB%20Drive/iTunes/TV%20Shows/Drop%20Dead%20Diva/Season%203/Drop%20Dead%20Diva%20S03%20E09.m4v', '2806', '332', 2, 9, 0),
(2227, 'Drop Dead Diva S03 E10', 'file:///Volumes/2TB%20Drive/iTunes/TV%20Shows/Drop%20Dead%20Diva/Season%203/Drop%20Dead%20Diva%20S03%20E10.m4v', '2806', '332', 2, 10, 0),
(2228, 'CSI NY S07 E01', 'file:///Volumes/2TB%20Drive/iTunes/TV%20Shows/CSI%20NY/Season%207/CSI%20NY%20S07%20E01.m4v', '25', '344', 2, 1, 0),
(2229, 'CSI NY S07 E02', 'file:///Volumes/2TB%20Drive/iTunes/TV%20Shows/CSI%20NY/Season%207/CSI%20NY%20S07%20E02.m4v', '25', '344', 2, 2, 0),
(2230, 'CSI NY S07 E03', 'file:///Volumes/2TB%20Drive/iTunes/TV%20Shows/CSI%20NY/Season%207/CSI%20NY%20S07%20E03.m4v', '25', '344', 2, 3, 0),
(2231, 'CSI NY S07 E04', 'file:///Volumes/2TB%20Drive/iTunes/TV%20Shows/CSI%20NY/Season%207/CSI%20NY%20S07%20E04.m4v', '25', '344', 2, 4, 0),
(2232, 'CSI NY S07 E05', 'file:///Volumes/2TB%20Drive/iTunes/TV%20Shows/CSI%20NY/Season%207/CSI%20NY%20S07%20E05.m4v', '25', '344', 2, 5, 0),
(2233, 'CSI NY S07 E06', 'file:///Volumes/2TB%20Drive/iTunes/TV%20Shows/CSI%20NY/Season%207/CSI%20NY%20S07%20E06.m4v', '25', '344', 2, 6, 0),
(2234, 'CSI NY S07 E07', 'file:///Volumes/2TB%20Drive/iTunes/TV%20Shows/CSI%20NY/Season%207/CSI%20NY%20S07%20E07.m4v', '25', '344', 2, 7, 0),
(2235, 'CSI NY S07 E08', 'file:///Volumes/2TB%20Drive/iTunes/TV%20Shows/CSI%20NY/Season%207/CSI%20NY%20S07%20E08.m4v', '25', '344', 2, 8, 0),
(2236, 'CSI NY S07 E09', 'file:///Volumes/2TB%20Drive/iTunes/TV%20Shows/CSI%20NY/Season%207/CSI%20NY%20S07%20E09.m4v', '25', '344', 2, 9, 0),
(2237, 'CSI NY S07 E10', 'file:///Volumes/2TB%20Drive/iTunes/TV%20Shows/CSI%20NY/Season%207/CSI%20NY%20S07%20E10.m4v', '25', '344', 2, 10, 0),
(2238, 'CSI NY S07 E11', 'file:///Volumes/2TB%20Drive/iTunes/TV%20Shows/CSI%20NY/Season%207/CSI%20NY%20S07%20E11.m4v', '25', '344', 2, 11, 0),
(2239, 'CSI NY S07 E12', 'file:///Volumes/2TB%20Drive/iTunes/TV%20Shows/CSI%20NY/Season%207/CSI%20NY%20S07%20E12.m4v', '25', '344', 2, 12, 0),
(2240, 'CSI NY S07 E13', 'file:///Volumes/2TB%20Drive/iTunes/TV%20Shows/CSI%20NY/Season%207/CSI%20NY%20S07%20E13.m4v', '25', '344', 2, 13, 0),
(2241, 'CSI NY S07 E14', 'file:///Volumes/2TB%20Drive/iTunes/TV%20Shows/CSI%20NY/Season%207/CSI%20NY%20S07%20E14.m4v', '25', '344', 2, 14, 0),
(2242, 'CSI NY S07 E15', 'file:///Volumes/2TB%20Drive/iTunes/TV%20Shows/CSI%20NY/Season%207/CSI%20NY%20S07%20E15.m4v', '25', '344', 2, 15, 0),
(2243, 'CSI NY S07 E16', 'file:///Volumes/2TB%20Drive/iTunes/TV%20Shows/CSI%20NY/Season%207/CSI%20NY%20S07%20E16.m4v', '25', '344', 2, 16, 0),
(2244, 'CSI NY S07 E17', 'file:///Volumes/2TB%20Drive/iTunes/TV%20Shows/CSI%20NY/Season%207/CSI%20NY%20S07%20E17.m4v', '25', '344', 2, 17, 0),
(2245, 'CSI NY S07 E18', 'file:///Volumes/2TB%20Drive/iTunes/TV%20Shows/CSI%20NY/Season%207/CSI%20NY%20S07%20E18.m4v', '25', '344', 2, 18, 0),
(2246, 'CSI NY S07 E19', 'file:///Volumes/2TB%20Drive/iTunes/TV%20Shows/CSI%20NY/Season%207/CSI%20NY%20S07%20E19.m4v', '25', '344', 2, 19, 0),
(2247, 'CSI NY S07 E20', 'file:///Volumes/2TB%20Drive/iTunes/TV%20Shows/CSI%20NY/Season%207/CSI%20NY%20S07%20E20.m4v', '25', '344', 2, 20, 0),
(2248, 'CSI NY S07 E21', 'file:///Volumes/2TB%20Drive/iTunes/TV%20Shows/CSI%20NY/Season%207/CSI%20NY%20S07%20E21.m4v', '25', '344', 2, 21, 0),
(2249, 'CSI NY S07 E22', 'file:///Volumes/2TB%20Drive/iTunes/TV%20Shows/CSI%20NY/Season%207/CSI%20NY%20S07%20E22.m4v', '25', '344', 2, 22, 0),
(2264, 'Blue Planet E01 The Blue Planet', 'file:///Volumes/2TB%20Drive/iTunes/TV%20Shows/The%20Blue%20Planet/Blue%20Planet%20E01%20The%20Blue%20Planet.m4v', '47', '409', 2, 1, 0),
(2265, 'Blue Planet E02 The Deep', 'file:///Volumes/2TB%20Drive/iTunes/TV%20Shows/The%20Blue%20Planet/Blue%20Planet%20E02%20The%20Deep.m4v', '47', '409', 2, 2, 0),
(2266, 'Blue Planet E03 Open Ocean', 'file:///Volumes/2TB%20Drive/iTunes/TV%20Shows/The%20Blue%20Planet/Blue%20Planet%20E03%20Open%20Ocean.m4v', '47', '409', 2, 3, 0),
(2267, 'Blue Planet E04 Frozen Seas', 'file:///Volumes/2TB%20Drive/iTunes/TV%20Shows/The%20Blue%20Planet/Blue%20Planet%20E04%20Frozen%20Seas.m4v', '47', '409', 2, 4, 0),
(2268, 'Blue Planet E05 Seasonal Seas', 'file:///Volumes/2TB%20Drive/iTunes/TV%20Shows/The%20Blue%20Planet/Blue%20Planet%20E05%20Seasonal%20Seas.m4v', '47', '409', 2, 5, 0),
(2269, 'Blue Planet E06 Coral Seas', 'file:///Volumes/2TB%20Drive/iTunes/TV%20Shows/The%20Blue%20Planet/Blue%20Planet%20E06%20Coral%20Seas.m4v', '47', '409', 2, 6, 0),
(2270, 'Blue Planet E07 Tidal Seas', 'file:///Volumes/2TB%20Drive/iTunes/TV%20Shows/The%20Blue%20Planet/Blue%20Planet%20E07%20Tidal%20Seas.m4v', '47', '409', 2, 7, 0),
(2271, 'Blue Planet E08 Coasts', 'file:///Volumes/2TB%20Drive/iTunes/TV%20Shows/The%20Blue%20Planet/Blue%20Planet%20E08%20Coasts.m4v', '47', '409', 2, 8, 0),
(2281, 'First Day', 'file:///Volumes/2TB%20Drive/iTunes/TV%20Shows/The%20Inbetweeners/Season%201/First%20Day.m4v', '19', '512', 2, 1, 0),
(2282, 'Bunk Off', 'file:///Volumes/2TB%20Drive/iTunes/TV%20Shows/The%20Inbetweeners/Season%201/Bunk%20Off.m4v', '19', '512', 2, 2, 0),
(2283, 'Thorpe Park', 'file:///Volumes/2TB%20Drive/iTunes/TV%20Shows/The%20Inbetweeners/Season%201/Thorpe%20Park.m4v', '19', '512', 2, 3, 0),
(2284, 'Girlfriend', 'file:///Volumes/2TB%20Drive/iTunes/TV%20Shows/The%20Inbetweeners/Season%201/Girlfriend.m4v', '19', '512', 2, 4, 0),
(2285, 'Caravan Club', 'file:///Volumes/2TB%20Drive/iTunes/TV%20Shows/The%20Inbetweeners/Season%201/Caravan%20Club.m4v', '19', '512', 2, 5, 0),
(2286, 'Xmas Party', 'file:///Volumes/2TB%20Drive/iTunes/TV%20Shows/The%20Inbetweeners/Season%201/Xmas%20Party.m4v', '19', '512', 2, 6, 0),
(2287, 'The Field Trip', 'file:///Volumes/2TB%20Drive/iTunes/TV%20Shows/The%20Inbetweeners/Season%202/The%20Field%20Trip.m4v', '19', '512', 2, 1, 0),
(2288, 'Work Experience', 'file:///Volumes/2TB%20Drive/iTunes/TV%20Shows/The%20Inbetweeners/Season%202/Work%20Experience.m4v', '19', '512', 2, 2, 0),
(2289, 'Will''s Birthday', 'file:///Volumes/2TB%20Drive/iTunes/TV%20Shows/The%20Inbetweeners/Season%202/Will''s%20Birthday.m4v', '19', '512', 2, 3, 0),
(2290, 'Night Out in London', 'file:///Volumes/2TB%20Drive/iTunes/TV%20Shows/The%20Inbetweeners/Season%202/Night%20Out%20in%20London.m4v', '19', '512', 2, 4, 0),
(2291, 'The Duke of Edinburgh Awards', 'file:///Volumes/2TB%20Drive/iTunes/TV%20Shows/The%20Inbetweeners/Season%202/The%20Duke%20of%20Edinburgh%20Awards.m4v', '19', '512', 2, 5, 0),
(2292, 'Exam Times', 'file:///Volumes/2TB%20Drive/iTunes/TV%20Shows/The%20Inbetweeners/Season%202/Exam%20Times.m4v', '19', '512', 2, 6, 0),
(2295, 'A Study in Pink', 'file:///Volumes/2TB%20Drive/iTunes/TV%20Shows/Sherlock%20Holmes/Season%201/A%20Study%20in%20Pink.m4v', '25', '526', 2, 1, 0),
(2296, 'The Blind Banker', 'file:///Volumes/2TB%20Drive/iTunes/TV%20Shows/Sherlock%20Holmes/Season%201/The%20Blind%20Banker.m4v', '25', '526', 2, 2, 0),
(2297, 'The Great Game', 'file:///Volumes/2TB%20Drive/iTunes/TV%20Shows/Sherlock%20Holmes/Season%201/The%20Great%20Game.m4v', '25', '526', 2, 3, 0),
(2298, 'A Night of Neglect', 'file:///Volumes/2TB%20Drive/iTunes/TV%20Shows/Glee/Season%202/A%20Night%20of%20Neglect.m4v', '87', '330', 2, 17, 0),
(2299, 'Born This Way', 'file:///Volumes/2TB%20Drive/iTunes/TV%20Shows/Glee/Season%202/Born%20This%20Way.m4v', '87', '330', 2, 18, 0),
(2300, 'Rumors', 'file:///Volumes/2TB%20Drive/iTunes/TV%20Shows/Glee/Season%202/Rumors.m4v', '87', '330', 2, 19, 0),
(2301, 'Prom Queen', 'file:///Volumes/2TB%20Drive/iTunes/TV%20Shows/Glee/Season%202/Prom%20Queen.m4v', '87', '330', 2, 20, 0),
(2302, 'Funeral', 'file:///Volumes/2TB%20Drive/iTunes/TV%20Shows/Glee/Season%202/Funeral.m4v', '87', '330', 2, 21, 0),
(2303, 'New York', 'file:///Volumes/2TB%20Drive/iTunes/TV%20Shows/Glee/Season%202/New%20York.m4v', '87', '330', 2, 22, 0),
(2304, 'Audition', 'file:///Volumes/2TB%20Drive/iTunes/TV%20Shows/Glee/Season%202/Audition.m4v', '87', '330', 2, 1, 0),
(2305, 'Britney Brittany', 'file:///Volumes/2TB%20Drive/iTunes/TV%20Shows/Glee/Season%202/Britney%20Brittany.m4v', '87', '330', 2, 2, 0),
(2306, 'Grilled Cheesus', 'file:///Volumes/2TB%20Drive/iTunes/TV%20Shows/Glee/Season%202/Grilled%20Cheesus.m4v', '87', '330', 2, 3, 0),
(2307, 'Duets', 'file:///Volumes/2TB%20Drive/iTunes/TV%20Shows/Glee/Season%202/Duets.m4v', '87', '330', 2, 4, 0),
(2308, 'The Rocky Horror Glee Show', 'file:///Volumes/2TB%20Drive/iTunes/TV%20Shows/Glee/Season%202/The%20Rocky%20Horror%20Glee%20Show.m4v', '87', '330', 2, 5, 0),
(2309, 'Never Been Kissed', 'file:///Volumes/2TB%20Drive/iTunes/TV%20Shows/Glee/Season%202/Never%20Been%20Kissed.m4v', '87', '330', 2, 6, 0),
(2310, 'The Substitute', 'file:///Volumes/2TB%20Drive/iTunes/TV%20Shows/Glee/Season%202/The%20Substitute.m4v', '87', '330', 2, 7, 0),
(2311, 'Furt', 'file:///Volumes/2TB%20Drive/iTunes/TV%20Shows/Glee/Season%202/Furt.m4v', '87', '330', 2, 8, 0),
(2312, 'Special Education', 'file:///Volumes/2TB%20Drive/iTunes/TV%20Shows/Glee/Season%202/Special%20Education.m4v', '87', '330', 2, 9, 0),
(2313, 'A Very Glee Christmas', 'file:///Volumes/2TB%20Drive/iTunes/TV%20Shows/Glee/Season%202/A%20Very%20Glee%20Christmas.m4v', '87', '330', 2, 10, 0),
(2314, 'The Sue Sylvester Shuffle', 'file:///Volumes/2TB%20Drive/iTunes/TV%20Shows/Glee/Season%202/The%20Sue%20Sylvester%20Shuffle.m4v', '87', '330', 2, 11, 0),
(2315, 'Silly Love Songs', 'file:///Volumes/2TB%20Drive/iTunes/TV%20Shows/Glee/Season%202/Silly%20Love%20Songs.m4v', '87', '330', 2, 12, 0),
(2316, 'Comeback', 'file:///Volumes/2TB%20Drive/iTunes/TV%20Shows/Glee/Season%202/Comeback.m4v', '87', '330', 2, 13, 0),
(2317, 'Blame It on the Alcohol', 'file:///Volumes/2TB%20Drive/iTunes/TV%20Shows/Glee/Season%202/Blame%20It%20on%20the%20Alcohol.m4v', '87', '330', 2, 14, 0),
(2318, 'Vitamin D', 'file:///Volumes/2TB%20Drive/iTunes/TV%20Shows/Glee/Season%201/Vitamin%20D.mp4', '87', '330', 2, 6, 0),
(2319, 'Throwdown', 'file:///Volumes/2TB%20Drive/iTunes/TV%20Shows/Glee/Season%201/Throwdown.mp4', '87', '330', 2, 7, 0),
(2320, 'Mash-Up', 'file:///Volumes/2TB%20Drive/iTunes/TV%20Shows/Glee/Season%201/Mash-Up.mp4', '87', '330', 2, 8, 0),
(2321, 'Wheels', 'file:///Volumes/2TB%20Drive/iTunes/TV%20Shows/Glee/Season%201/Wheels.mp4', '87', '330', 2, 9, 0),
(2322, 'Ballad', 'file:///Volumes/2TB%20Drive/iTunes/TV%20Shows/Glee/Season%201/Ballad.mp4', '87', '330', 2, 10, 0),
(2323, 'Hairography', 'file:///Volumes/2TB%20Drive/iTunes/TV%20Shows/Glee/Season%201/Hairography.mp4', '87', '330', 2, 11, 0),
(2324, 'Mattress', 'file:///Volumes/2TB%20Drive/iTunes/TV%20Shows/Glee/Season%201/Mattress.mp4', '87', '330', 2, 12, 0),
(2325, 'Sectionals', 'file:///Volumes/2TB%20Drive/iTunes/TV%20Shows/Glee/Season%201/Sectionals.mp4', '87', '330', 2, 13, 0),
(2326, 'Hell-O', 'file:///Volumes/2TB%20Drive/iTunes/TV%20Shows/Glee/Season%201/Hell-O.mp4', '87', '330', 2, 14, 0),
(2327, 'The Power of Madonna', 'file:///Volumes/2TB%20Drive/iTunes/TV%20Shows/Glee/Season%201/The%20Power%20of%20Madonna.mp4', '87', '330', 2, 15, 0),
(2328, 'Home', 'file:///Volumes/2TB%20Drive/iTunes/TV%20Shows/Glee/Season%201/Home.mp4', '87', '330', 2, 16, 0),
(2329, 'Bad Reputation', 'file:///Volumes/2TB%20Drive/iTunes/TV%20Shows/Glee/Season%201/Bad%20Reputation.mp4', '87', '330', 2, 17, 0),
(2330, 'Laryngitis', 'file:///Volumes/2TB%20Drive/iTunes/TV%20Shows/Glee/Season%201/Laryngitis.mp4', '87', '330', 2, 18, 0),
(2331, 'Dream On', 'file:///Volumes/2TB%20Drive/iTunes/TV%20Shows/Glee/Season%201/Dream%20On.mp4', '87', '330', 2, 19, 0),
(2332, 'Theatricality', 'file:///Volumes/2TB%20Drive/iTunes/TV%20Shows/Glee/Season%201/Theatricality.mp4', '87', '330', 2, 20, 0),
(2333, 'Funk', 'file:///Volumes/2TB%20Drive/iTunes/TV%20Shows/Glee/Season%201/Funk.mp4', '87', '330', 2, 21, 0),
(2334, 'Journey to Regionals', 'file:///Volumes/2TB%20Drive/iTunes/TV%20Shows/Glee/Season%201/Journey%20to%20Regionals.mp4', '87', '330', 2, 22, 0),
(2335, 'Indelible', 'file:///Volumes/2TB%20Drive/iTunes/TV%20Shows/CSI%20NY/Season%208/Indelible.m4v', '25', '344', 2, 1, 0),
(2336, 'Keep It Real', 'file:///Volumes/2TB%20Drive/iTunes/TV%20Shows/CSI%20NY/Season%208/Keep%20It%20Real.m4v', '25', '344', 2, 2, 0),
(2337, 'Cavallino Rampante', 'file:///Volumes/2TB%20Drive/iTunes/TV%20Shows/CSI%20NY/Season%208/Cavallino%20Rampante.m4v', '25', '344', 2, 3, 0),
(2338, 'Officer Involved', 'file:///Volumes/2TB%20Drive/iTunes/TV%20Shows/CSI%20NY/Season%208/Officer%20Involved.m4v', '25', '344', 2, 4, 0),
(2339, 'Air Apparent', 'file:///Volumes/2TB%20Drive/iTunes/TV%20Shows/CSI%20NY/Season%208/Air%20Apparent.m4v', '25', '344', 2, 5, 0),
(2340, 'Get Me Out of Here', 'file:///Volumes/2TB%20Drive/iTunes/TV%20Shows/CSI%20NY/Season%208/Get%20Me%20Out%20of%20Here.m4v', '25', '344', 2, 6, 0),
(2341, 'Crushed', 'file:///Volumes/2TB%20Drive/iTunes/TV%20Shows/CSI%20NY/Season%208/Crushed.m4v', '25', '344', 2, 7, 0),
(2342, 'Crossroads', 'file:///Volumes/2TB%20Drive/iTunes/TV%20Shows/CSI%20NY/Season%208/Crossroads.m4v', '25', '344', 2, 8, 0),
(2343, 'Means to an End', 'file:///Volumes/2TB%20Drive/iTunes/TV%20Shows/CSI%20NY/Season%208/Means%20to%20an%20End.m4v', '25', '344', 2, 9, 0),
(2344, 'Clean Sweep', 'file:///Volumes/2TB%20Drive/iTunes/TV%20Shows/CSI%20NY/Season%208/Clean%20Sweep.m4v', '25', '344', 2, 10, 0),
(2345, 'Pilot', 'file:///Volumes/2TB%20Drive/iTunes/TV%20Shows/Glee/Season%201/Pilot.m4v', '87', '330', 2, 1, 0),
(2346, 'Showmance', 'file:///Volumes/2TB%20Drive/iTunes/TV%20Shows/Glee/Season%201/Showmance.m4v', '87', '330', 2, 2, 0),
(2347, 'Acafellas', 'file:///Volumes/2TB%20Drive/iTunes/TV%20Shows/Glee/Season%201/Acafellas.m4v', '87', '330', 2, 3, 0),
(2348, 'Preggers', 'file:///Volumes/2TB%20Drive/iTunes/TV%20Shows/Glee/Season%201/Preggers.m4v', '87', '330', 2, 4, 0),
(2349, 'The Rhodes Not Taken', 'file:///Volumes/2TB%20Drive/iTunes/TV%20Shows/Glee/Season%201/The%20Rhodes%20Not%20Taken.m4v', '87', '330', 2, 5, 0),
(2350, 'The Widow and the Wardrobe', 'file:///Volumes/2TB%20Drive/iTunes/TV%20Shows/Doctor%20Who%20Christmas%20Specials/Season%201/The%20Widow%20and%20the%20Wardrobe.m4v', '25', '581', 2, 7, 0),
(2352, 'Viva Las Vegas', 'file:///Volumes/2TB%20Drive/iTunes/TV%20Shows/CSI/Season%205/Viva%20Las%20Vegas.m4v', '25', '582', 2, 1, 0),
(2353, 'The Eleventh Hour', 'file:///Volumes/2TB%20Drive/iTunes/TV%20Shows/Doctor%20Who/Season%205/The%20Eleventh%20Hour.m4v', '1', '583', 2, 1, 0),
(2354, 'The Beast Below', 'file:///Volumes/2TB%20Drive/iTunes/TV%20Shows/Doctor%20Who/Season%205/The%20Beast%20Below.m4v', '1', '583', 2, 2, 0),
(2355, 'Down the Drain', 'file:///Volumes/2TB%20Drive/iTunes/TV%20Shows/CSI/Season%205/Down%20the%20Drain.m4v', '667', '582', 2, 2, 0),
(2356, 'Harvest', 'file:///Volumes/2TB%20Drive/iTunes/TV%20Shows/CSI/Season%205/Harvest.m4v', '667', '582', 2, 3, 0),
(2357, 'Crow''s Feet', 'file:///Volumes/2TB%20Drive/iTunes/TV%20Shows/CSI/Season%205/Crow''s%20Feet.m4v', '667', '582', 2, 4, 0),
(2358, 'Swap Meet', 'file:///Volumes/2TB%20Drive/iTunes/TV%20Shows/CSI/Season%205/Swap%20Meet.m4v', '667', '582', 2, 5, 0),
(2359, 'What''s Eating Gilbert Grissom', 'file:///Volumes/2TB%20Drive/iTunes/TV%20Shows/CSI/Season%205/What''s%20Eating%20Gilbert%20Grissom.m4v', '667', '582', 2, 6, 0),
(2360, 'Formalities', 'file:///Volumes/2TB%20Drive/iTunes/TV%20Shows/CSI/Season%205/Formalities.m4v', '667', '582', 2, 7, 0),
(2361, 'Ch-Ch-Changes', 'file:///Volumes/2TB%20Drive/iTunes/TV%20Shows/CSI/Season%205/Ch-Ch-Changes.m4v', '667', '582', 2, 8, 0),
(2362, 'Mea Culpa', 'file:///Volumes/2TB%20Drive/iTunes/TV%20Shows/CSI/Season%205/Mea%20Culpa.m4v', '667', '582', 2, 9, 0),
(2363, 'No Humans Involved', 'file:///Volumes/2TB%20Drive/iTunes/TV%20Shows/CSI/Season%205/No%20Humans%20Involved.m4v', '667', '582', 2, 10, 0),
(2364, 'Who Shot Sherlock', 'file:///Volumes/2TB%20Drive/iTunes/TV%20Shows/CSI/Season%205/Who%20Shot%20Sherlock.m4v', '667', '582', 2, 11, 0),
(2365, 'Snakes', 'file:///Volumes/2TB%20Drive/iTunes/TV%20Shows/CSI/Season%205/Snakes.m4v', '667', '582', 2, 12, 0),
(2366, 'Nesting Dolls', 'file:///Volumes/2TB%20Drive/iTunes/TV%20Shows/CSI/Season%205/Nesting%20Dolls.m4v', '667', '582', 2, 13, 0),
(2367, 'Unbearable', 'file:///Volumes/2TB%20Drive/iTunes/TV%20Shows/CSI/Season%205/Unbearable.m4v', '667', '582', 2, 14, 0),
(2368, 'King Baby', 'file:///Volumes/2TB%20Drive/iTunes/TV%20Shows/CSI/Season%205/King%20Baby.m4v', '667', '582', 2, 15, 0),
(2369, 'Big Middle', 'file:///Volumes/2TB%20Drive/iTunes/TV%20Shows/CSI/Season%205/Big%20Middle.m4v', '667', '582', 2, 16, 0),
(2370, 'Compulsion', 'file:///Volumes/2TB%20Drive/iTunes/TV%20Shows/CSI/Season%205/Compulsion.m4v', '667', '582', 2, 17, 0),
(2371, '4 x 4', 'file:///Volumes/2TB%20Drive/iTunes/TV%20Shows/CSI/Season%205/4%20x%204.m4v', '667', '582', 2, 18, 0),
(2372, 'Spark of Life', 'file:///Volumes/2TB%20Drive/iTunes/TV%20Shows/CSI/Season%205/Spark%20of%20Life.m4v', '667', '582', 2, 19, 0),
(2373, 'Hollywood Brass', 'file:///Volumes/2TB%20Drive/iTunes/TV%20Shows/CSI/Season%205/Hollywood%20Brass.m4v', '667', '582', 2, 20, 0),
(2374, 'Committed', 'file:///Volumes/2TB%20Drive/iTunes/TV%20Shows/CSI/Season%205/Committed.m4v', '667', '582', 2, 21, 0),
(2375, 'Weeping Willows', 'file:///Volumes/2TB%20Drive/iTunes/TV%20Shows/CSI/Season%205/Weeping%20Willows.m4v', '667', '582', 2, 22, 0),
(2376, 'Iced', 'file:///Volumes/2TB%20Drive/iTunes/TV%20Shows/CSI/Season%205/Iced.m4v', '667', '582', 2, 23, 0),
(2377, 'Grave Danger', 'file:///Volumes/2TB%20Drive/iTunes/TV%20Shows/CSI/Season%205/Grave%20Danger.m4v', '667', '582', 2, 24, 0),
(2378, 'Time of the Angels', 'file:///Volumes/2TB%20Drive/iTunes/TV%20Shows/Doctor%20Who/Season%205/Time%20of%20the%20Angels.m4v', '1', '583', 2, 4, 0),
(2379, 'Flesh and Stone', 'file:///Volumes/2TB%20Drive/iTunes/TV%20Shows/Doctor%20Who/Season%205/Flesh%20and%20Stone.m4v', '1', '583', 2, 5, 0),
(2380, 'The Vampires of Venice', 'file:///Volumes/2TB%20Drive/iTunes/TV%20Shows/Doctor%20Who/Season%205/The%20Vampires%20of%20Venice.m4v', '1', '583', 2, 6, 0),
(2381, 'Amy''s Choice', 'file:///Volumes/2TB%20Drive/iTunes/TV%20Shows/Doctor%20Who/Season%205/Amy''s%20Choice.m4v', '1', '583', 2, 7, 0),
(2382, 'The Hungry Earth', 'file:///Volumes/2TB%20Drive/iTunes/TV%20Shows/Doctor%20Who/Season%205/The%20Hungry%20Earth.m4v', '1', '583', 2, 8, 0),
(2383, 'The Pandorica Opens', 'file:///Volumes/2TB%20Drive/iTunes/TV%20Shows/Doctor%20Who/Season%205/The%20Pandorica%20Opens.m4v', '1', '583', 2, 12, 0),
(2384, 'The Big Bang', 'file:///Volumes/2TB%20Drive/iTunes/TV%20Shows/Doctor%20Who/Season%205/The%20Big%20Bang.m4v', '1', '583', 2, 13, 0),
(2385, 'Cold Blood', 'file:///Volumes/2TB%20Drive/iTunes/TV%20Shows/Doctor%20Who/Season%205/Cold%20Blood.m4v', '1', '583', 2, 9, 0),
(2386, 'Vincent and The Doctor', 'file:///Volumes/2TB%20Drive/iTunes/TV%20Shows/Doctor%20Who/Season%205/Vincent%20and%20The%20Doctor.m4v', '1', '583', 2, 10, 0),
(2387, 'The Lodger', 'file:///Volumes/2TB%20Drive/iTunes/TV%20Shows/Doctor%20Who/Season%205/The%20Lodger.m4v', '1', '583', 2, 11, 0),
(2388, 'Victory of the Daleks', 'file:///Volumes/2TB%20Drive/iTunes/TV%20Shows/Doctor%20Who/Season%205/Victory%20of%20the%20Daleks.m4v', '1', '583', 2, 3, 0),
(2389, 'Who''s There', 'file:///Volumes/2TB%20Drive/iTunes/TV%20Shows/CSI%20NY/Season%208/Who''s%20There.m4v', '667', '344', 2, 11, 0),
(2394, 'Dexter', 'file:///Volumes/2TB%20Drive/iTunes/TV%20Shows/Dexter/Season%201/Dexter.m4v', '0', '622', 2, 1, 0),
(2395, 'Crocodile', 'file:///Volumes/2TB%20Drive/iTunes/TV%20Shows/Dexter/Season%201/Crocodile.m4v', '0', '622', 2, 2, 0),
(2396, 'Popping Cherry', 'file:///Volumes/2TB%20Drive/iTunes/TV%20Shows/Dexter/Season%201/Popping%20Cherry.m4v', '0', '622', 2, 3, 0),
(2397, 'Let''s Give the Boy a Hand', 'file:///Volumes/2TB%20Drive/iTunes/TV%20Shows/Dexter/Season%201/Let''s%20Give%20the%20Boy%20a%20Hand.m4v', '0', '622', 2, 4, 0),
(2398, 'Love American Style', 'file:///Volumes/2TB%20Drive/iTunes/TV%20Shows/Dexter/Season%201/Love%20American%20Style.m4v', '0', '622', 2, 5, 0),
(2399, 'Return to Sender', 'file:///Volumes/2TB%20Drive/iTunes/TV%20Shows/Dexter/Season%201/Return%20to%20Sender.m4v', '0', '622', 2, 6, 0),
(2400, 'Circle of Friends', 'file:///Volumes/2TB%20Drive/iTunes/TV%20Shows/Dexter/Season%201/Circle%20of%20Friends.m4v', '0', '622', 2, 7, 0),
(2401, 'Shrink Wrap', 'file:///Volumes/2TB%20Drive/iTunes/TV%20Shows/Dexter/Season%201/Shrink%20Wrap.m4v', '0', '622', 2, 8, 0),
(2402, 'Father Knows Best', 'file:///Volumes/2TB%20Drive/iTunes/TV%20Shows/Dexter/Season%201/Father%20Knows%20Best.m4v', '0', '622', 2, 9, 0),
(2403, 'Seeing Red', 'file:///Volumes/2TB%20Drive/iTunes/TV%20Shows/Dexter/Season%201/Seeing%20Red.m4v', '0', '622', 2, 10, 0),
(2404, 'Truth Be Told', 'file:///Volumes/2TB%20Drive/iTunes/TV%20Shows/Dexter/Season%201/Truth%20Be%20Told.m4v', '0', '622', 2, 11, 0),
(2405, 'Born Free', 'file:///Volumes/2TB%20Drive/iTunes/TV%20Shows/Dexter/Season%201/Born%20Free.m4v', '0', '622', 2, 12, 0),
(2415, 'The Curse of the Black Spot', 'file:///Volumes/2TB%20Drive/iTunes/TV%20Shows/Doctor%20Who/Season%206/The%20Curse%20of%20the%20Black%20Spot.m4v', '1', '583', 2, 3, 0),
(2416, 'The Doctors Wife', 'file:///Volumes/2TB%20Drive/iTunes/TV%20Shows/Doctor%20Who/Season%206/The%20Doctors%20Wife.m4v', '1', '583', 2, 4, 0),
(2417, 'The Rebel Flesh', 'file:///Volumes/2TB%20Drive/iTunes/TV%20Shows/Doctor%20Who/Season%206/The%20Rebel%20Flesh.m4v', '1', '583', 2, 5, 0),
(2418, 'The Almost People', 'file:///Volumes/2TB%20Drive/iTunes/TV%20Shows/Doctor%20Who/Season%206/The%20Almost%20People.m4v', '1', '583', 2, 6, 0),
(2419, 'A Good Man Goes To War', 'file:///Volumes/2TB%20Drive/iTunes/TV%20Shows/Doctor%20Who/Season%206/A%20Good%20Man%20Goes%20To%20War.m4v', '1', '583', 2, 7, 0),
(2420, 'Lets Kill Hitler', 'file:///Volumes/2TB%20Drive/iTunes/TV%20Shows/Doctor%20Who/Season%206/Lets%20Kill%20Hitler.m4v', '1', '583', 2, 8, 0),
(2421, 'Night Terrors', 'file:///Volumes/2TB%20Drive/iTunes/TV%20Shows/Doctor%20Who/Season%206/Night%20Terrors.m4v', '1', '583', 2, 9, 0),
(2422, 'The Girl Who Waited', 'file:///Volumes/2TB%20Drive/iTunes/TV%20Shows/Doctor%20Who/Season%206/The%20Girl%20Who%20Waited.m4v', '1', '583', 2, 10, 0),
(2423, 'The God Complex', 'file:///Volumes/2TB%20Drive/iTunes/TV%20Shows/Doctor%20Who/Season%206/The%20God%20Complex.m4v', '1', '583', 2, 11, 0),
(2424, 'Closing Time', 'file:///Volumes/2TB%20Drive/iTunes/TV%20Shows/Doctor%20Who/Season%206/Closing%20Time.m4v', '1', '583', 2, 12, 0),
(2425, 'The Wedding Of River Song', 'file:///Volumes/2TB%20Drive/iTunes/TV%20Shows/Doctor%20Who/Season%206/The%20Wedding%20Of%20River%20Song.m4v', '1', '583', 2, 13, 0),
(2426, 'It''s Alive!', 'file:///Volumes/2TB%20Drive/iTunes/TV%20Shows/Dexter/Season%202/It''s%20Alive!.m4v', '25', '622', 2, 1, 0),
(2427, 'Waiting to Exhale', 'file:///Volumes/2TB%20Drive/iTunes/TV%20Shows/Dexter/Season%202/Waiting%20to%20Exhale.m4v', '25', '622', 2, 2, 0),
(2428, 'An Inconvenient Lie', 'file:///Volumes/2TB%20Drive/iTunes/TV%20Shows/Dexter/Season%202/An%20Inconvenient%20Lie.m4v', '25', '622', 2, 3, 0),
(2429, 'See-Through', 'file:///Volumes/2TB%20Drive/iTunes/TV%20Shows/Dexter/Season%202/See-Through.m4v', '25', '622', 2, 4, 0),
(2430, 'The Dark Defender', 'file:///Volumes/2TB%20Drive/iTunes/TV%20Shows/Dexter/Season%202/The%20Dark%20Defender.m4v', '25', '622', 2, 5, 0),
(2431, 'Dex, Lies & Videotape', 'file:///Volumes/2TB%20Drive/iTunes/TV%20Shows/Dexter/Season%202/Dex,%20Lies%20&%20Videotape.m4v', '25', '622', 2, 6, 0),
(2432, 'That Night, A Forest Grew', 'file:///Volumes/2TB%20Drive/iTunes/TV%20Shows/Dexter/Season%202/That%20Night,%20A%20Forest%20Grew.m4v', '25', '622', 2, 7, 0),
(2433, 'Morning Comes', 'file:///Volumes/2TB%20Drive/iTunes/TV%20Shows/Dexter/Season%202/Morning%20Comes.m4v', '25', '622', 2, 8, 0),
(2434, 'Resistance is Futile', 'file:///Volumes/2TB%20Drive/iTunes/TV%20Shows/Dexter/Season%202/Resistance%20is%20Futile.m4v', '25', '622', 2, 9, 0),
(2435, 'There''s Something About Harry', 'file:///Volumes/2TB%20Drive/iTunes/TV%20Shows/Dexter/Season%202/There''s%20Something%20About%20Harry.m4v', '25', '622', 2, 10, 0),
(2436, 'Left Turn Ahead', 'file:///Volumes/2TB%20Drive/iTunes/TV%20Shows/Dexter/Season%202/Left%20Turn%20Ahead.m4v', '25', '622', 2, 11, 0),
(2437, 'The British Invasion', 'file:///Volumes/2TB%20Drive/iTunes/TV%20Shows/Dexter/Season%202/The%20British%20Invasion.m4v', '25', '622', 2, 12, 0),
(2438, 'The Impossible Astronaut', 'file:///Volumes/2TB%20Drive/iTunes/TV%20Shows/Doctor%20Who/Season%206/The%20Impossible%20Astronaut.m4v', '1', '583', 2, 1, 0),
(2439, 'Day Of The Moon', 'file:///Volumes/2TB%20Drive/iTunes/TV%20Shows/Doctor%20Who/Season%206/Day%20Of%20The%20Moon.m4v', '1', '583', 2, 2, 0),
(2440, 'A Christmas Carol', 'file:///Volumes/2TB%20Drive/iTunes/TV%20Shows/Doctor%20Who%20Christmas%20Specials/Season%201/A%20Christmas%20Carol.m4v', '1', '581', 2, 6, 0),
(2441, 'Pilot', 'file:///Volumes/2TB%20Drive/iTunes/TV%20Shows/Chuck/Season%201/Pilot.m4v', '19', '661', 2, 1, 0),
(2442, 'Chuck Versus the Helicopter', 'file:///Volumes/2TB%20Drive/iTunes/TV%20Shows/Chuck/Season%201/Chuck%20Versus%20the%20Helicopter.m4v', '19', '661', 2, 2, 0),
(2443, 'Chuck Versus the Tango', 'file:///Volumes/2TB%20Drive/iTunes/TV%20Shows/Chuck/Season%201/Chuck%20Versus%20the%20Tango.m4v', '19', '661', 2, 3, 0),
(2444, 'Chuck Versus the Wookiee', 'file:///Volumes/2TB%20Drive/iTunes/TV%20Shows/Chuck/Season%201/Chuck%20Versus%20the%20Wookiee.m4v', '19', '661', 2, 4, 0),
(2445, 'Chuck Versus the Sizzling Shrimp', 'file:///Volumes/2TB%20Drive/iTunes/TV%20Shows/Chuck/Season%201/Chuck%20Versus%20the%20Sizzling%20Shrimp.m4v', '19', '661', 2, 5, 0),
(2446, 'Chuck Versus the Sandworm', 'file:///Volumes/2TB%20Drive/iTunes/TV%20Shows/Chuck/Season%201/Chuck%20Versus%20the%20Sandworm.m4v', '19', '661', 2, 6, 0),
(2447, 'Chuck Versus the Alma Mater', 'file:///Volumes/2TB%20Drive/iTunes/TV%20Shows/Chuck/Season%201/Chuck%20Versus%20the%20Alma%20Mater.m4v', '19', '661', 2, 7, 0),
(2448, 'Chuck Versus the Truth', 'file:///Volumes/2TB%20Drive/iTunes/TV%20Shows/Chuck/Season%201/Chuck%20Versus%20the%20Truth.m4v', '19', '661', 2, 8, 0),
(2449, 'Chuck Versus the Imported Hard Salami', 'file:///Volumes/2TB%20Drive/iTunes/TV%20Shows/Chuck/Season%201/Chuck%20Versus%20the%20Imported%20Hard%20Salami.m4v', '19', '661', 2, 9, 0),
(2450, 'Chuck Versus the Nemesis', 'file:///Volumes/2TB%20Drive/iTunes/TV%20Shows/Chuck/Season%201/Chuck%20Versus%20the%20Nemesis.m4v', '19', '661', 2, 10, 0),
(2451, 'Chuck Versus the Crown Vic', 'file:///Volumes/2TB%20Drive/iTunes/TV%20Shows/Chuck/Season%201/Chuck%20Versus%20the%20Crown%20Vic.m4v', '19', '661', 2, 11, 0),
(2452, 'Chuck Versus the Undercover Lover', 'file:///Volumes/2TB%20Drive/iTunes/TV%20Shows/Chuck/Season%201/Chuck%20Versus%20the%20Undercover%20Lover.m4v', '19', '661', 2, 12, 0),
(2453, 'Chuck Versus the Marlin', 'file:///Volumes/2TB%20Drive/iTunes/TV%20Shows/Chuck/Season%201/Chuck%20Versus%20the%20Marlin.m4v', '19', '661', 2, 13, 0),
(2455, 'Chuck Versus the Pink Slip', 'file:///Volumes/2TB%20Drive/iTunes/TV%20Shows/Chuck/Season%203/Chuck%20Versus%20the%20Pink%20Slip.m4v', '19', '661', 2, 1, 0),
(2456, 'Chuck Versus the Three Words', 'file:///Volumes/2TB%20Drive/iTunes/TV%20Shows/Chuck/Season%203/Chuck%20Versus%20the%20Three%20Words.m4v', '19', '661', 2, 2, 0),
(2457, 'Chuck Versus the Angel de la Muerte', 'file:///Volumes/2TB%20Drive/iTunes/TV%20Shows/Chuck/Season%203/Chuck%20Versus%20the%20Angel%20de%20la%20Muerte.m4v', '19', '661', 2, 3, 0),
(2458, 'Chuck Versus Operation Awesome', 'file:///Volumes/2TB%20Drive/iTunes/TV%20Shows/Chuck/Season%203/Chuck%20Versus%20Operation%20Awesome.m4v', '19', '661', 2, 4, 0),
(2459, 'Chuck Versus First Class', 'file:///Volumes/2TB%20Drive/iTunes/TV%20Shows/Chuck/Season%203/Chuck%20Versus%20First%20Class.m4v', '19', '661', 2, 5, 0),
(2460, 'Chuck Versus the Nacho Sampler', 'file:///Volumes/2TB%20Drive/iTunes/TV%20Shows/Chuck/Season%203/Chuck%20Versus%20the%20Nacho%20Sampler.m4v', '19', '661', 2, 6, 0),
(2461, 'Chuck Versus the Mask', 'file:///Volumes/2TB%20Drive/iTunes/TV%20Shows/Chuck/Season%203/Chuck%20Versus%20the%20Mask.m4v', '19', '661', 2, 7, 0),
(2462, 'Chuck Versus the Fake Name', 'file:///Volumes/2TB%20Drive/iTunes/TV%20Shows/Chuck/Season%203/Chuck%20Versus%20the%20Fake%20Name.m4v', '19', '661', 2, 8, 0),
(2463, 'Chuck Versus the Beard', 'file:///Volumes/2TB%20Drive/iTunes/TV%20Shows/Chuck/Season%203/Chuck%20Versus%20the%20Beard.m4v', '19', '661', 2, 9, 0),
(2464, 'Chuck Versus the Tic Tac', 'file:///Volumes/2TB%20Drive/iTunes/TV%20Shows/Chuck/Season%203/Chuck%20Versus%20the%20Tic%20Tac.m4v', '19', '661', 2, 10, 0),
(2465, 'Chuck Versus the Final Exam', 'file:///Volumes/2TB%20Drive/iTunes/TV%20Shows/Chuck/Season%203/Chuck%20Versus%20the%20Final%20Exam.m4v', '19', '661', 2, 11, 0),
(2466, 'Chuck Versus the American Hero', 'file:///Volumes/2TB%20Drive/iTunes/TV%20Shows/Chuck/Season%203/Chuck%20Versus%20the%20American%20Hero.m4v', '19', '661', 2, 12, 0),
(2467, 'Chuck Versus the Other Guy', 'file:///Volumes/2TB%20Drive/iTunes/TV%20Shows/Chuck/Season%203/Chuck%20Versus%20the%20Other%20Guy.m4v', '19', '661', 2, 13, 0),
(2468, 'Chuck Versus the Honeymooners', 'file:///Volumes/2TB%20Drive/iTunes/TV%20Shows/Chuck/Season%203/Chuck%20Versus%20the%20Honeymooners.m4v', '19', '661', 2, 14, 0),
(2469, 'Chuck Versus the Role Models', 'file:///Volumes/2TB%20Drive/iTunes/TV%20Shows/Chuck/Season%203/Chuck%20Versus%20the%20Role%20Models.m4v', '19', '661', 2, 15, 0),
(2470, 'Chuck Versus the Tooth', 'file:///Volumes/2TB%20Drive/iTunes/TV%20Shows/Chuck/Season%203/Chuck%20Versus%20the%20Tooth.m4v', '19', '661', 2, 16, 0),
(2471, 'Chuck Versus the Living Dead', 'file:///Volumes/2TB%20Drive/iTunes/TV%20Shows/Chuck/Season%203/Chuck%20Versus%20the%20Living%20Dead.m4v', '19', '661', 2, 17, 0),
(2472, 'Chuck Versus the Subway', 'file:///Volumes/2TB%20Drive/iTunes/TV%20Shows/Chuck/Season%203/Chuck%20Versus%20the%20Subway.m4v', '19', '661', 2, 18, 0),
(2473, 'Chuck Versus the Ring: Part II', 'file:///Volumes/2TB%20Drive/iTunes/TV%20Shows/Chuck/Season%203/Chuck%20Versus%20the%20Ring_%20Part%20II.m4v', '19', '661', 2, 19, 0),
(2474, 's01e01', 'file:///Volumes/2TB%20Drive/iTunes/TV%20Shows/Gavin%20&%20Stacey/Season%201/s01e01.m4v', '0', '693', 2, 1, 0),
(2475, 's01e02', 'file:///Volumes/2TB%20Drive/iTunes/TV%20Shows/Gavin%20&%20Stacey/Season%201/s01e02.m4v', '0', '693', 2, 2, 0),
(2476, 's01e03', 'file:///Volumes/2TB%20Drive/iTunes/TV%20Shows/Gavin%20&%20Stacey/Season%201/s01e03.m4v', '0', '693', 2, 3, 0),
(2477, 's01e04', 'file:///Volumes/2TB%20Drive/iTunes/TV%20Shows/Gavin%20&%20Stacey/Season%201/s01e04.m4v', '0', '693', 2, 4, 0),
(2478, 's01e05', 'file:///Volumes/2TB%20Drive/iTunes/TV%20Shows/Gavin%20&%20Stacey/Season%201/s01e05.m4v', '0', '693', 2, 5, 0),
(2479, 's01e06', 'file:///Volumes/2TB%20Drive/iTunes/TV%20Shows/Gavin%20&%20Stacey/Season%201/s01e06.m4v', '0', '693', 2, 6, 0),
(2480, 'Chuck Versus the Ring', 'file:///Volumes/2TB%20Drive/iTunes/TV%20Shows/Chuck/Season%202/Chuck%20Versus%20the%20Ring.m4v', '19', '661', 2, 22, 0),
(2481, 'Chuck Versus the First Kill', 'file:///Volumes/2TB%20Drive/iTunes/TV%20Shows/Chuck/Season%202/Chuck%20Versus%20the%20First%20Kill.m4v', '19', '661', 2, 20, 0),
(2482, 'Chuck Versus the Colonel', 'file:///Volumes/2TB%20Drive/iTunes/TV%20Shows/Chuck/Season%202/Chuck%20Versus%20the%20Colonel.m4v', '19', '661', 2, 21, 0),
(2483, 'Chuck Versus the Dream Job', 'file:///Volumes/2TB%20Drive/iTunes/TV%20Shows/Chuck/Season%202/Chuck%20Versus%20the%20Dream%20Job.m4v', '19', '661', 2, 19, 0),
(2484, 'Chuck Versus the Broken Heart', 'file:///Volumes/2TB%20Drive/iTunes/TV%20Shows/Chuck/Season%202/Chuck%20Versus%20the%20Broken%20Heart.m4v', '19', '661', 2, 18, 0),
(2485, 'Chuck Versus the First Date', 'file:///Volumes/2TB%20Drive/iTunes/TV%20Shows/Chuck/Season%202/Chuck%20Versus%20the%20First%20Date.m4v', '19', '661', 2, 1, 0),
(2486, 'Chuck Versus the Seduction', 'file:///Volumes/2TB%20Drive/iTunes/TV%20Shows/Chuck/Season%202/Chuck%20Versus%20the%20Seduction.m4v', '19', '661', 2, 2, 0),
(2487, 'Chuck Versus the Break-Up', 'file:///Volumes/2TB%20Drive/iTunes/TV%20Shows/Chuck/Season%202/Chuck%20Versus%20the%20Break-Up.m4v', '19', '661', 2, 3, 0),
(2488, 'Chuck Versus the Cougars', 'file:///Volumes/2TB%20Drive/iTunes/TV%20Shows/Chuck/Season%202/Chuck%20Versus%20the%20Cougars.m4v', '19', '661', 2, 4, 0),
(2489, 'Chuck Versus Tom Sawyer', 'file:///Volumes/2TB%20Drive/iTunes/TV%20Shows/Chuck/Season%202/Chuck%20Versus%20Tom%20Sawyer.m4v', '19', '661', 2, 5, 0),
(2490, 'Chuck Versus the Ex', 'file:///Volumes/2TB%20Drive/iTunes/TV%20Shows/Chuck/Season%202/Chuck%20Versus%20the%20Ex.m4v', '19', '661', 2, 6, 0),
(2491, 'Chuck Versus the Fat Lady', 'file:///Volumes/2TB%20Drive/iTunes/TV%20Shows/Chuck/Season%202/Chuck%20Versus%20the%20Fat%20Lady.m4v', '19', '661', 2, 7, 0),
(2492, 'Chuck Versus the Gravitron', 'file:///Volumes/2TB%20Drive/iTunes/TV%20Shows/Chuck/Season%202/Chuck%20Versus%20the%20Gravitron.m4v', '19', '661', 2, 8, 0),
(2493, 'Chuck Versus the Sensei', 'file:///Volumes/2TB%20Drive/iTunes/TV%20Shows/Chuck/Season%202/Chuck%20Versus%20the%20Sensei.m4v', '19', '661', 2, 9, 0),
(2494, 'Chuck Versus the DeLorean', 'file:///Volumes/2TB%20Drive/iTunes/TV%20Shows/Chuck/Season%202/Chuck%20Versus%20the%20DeLorean.m4v', '19', '661', 2, 10, 0),
(2495, 'Chuck Versus Santa Claus', 'file:///Volumes/2TB%20Drive/iTunes/TV%20Shows/Chuck/Season%202/Chuck%20Versus%20Santa%20Claus.m4v', '19', '661', 2, 11, 0),
(2496, 'Chuck Versus the Third Dimension', 'file:///Volumes/2TB%20Drive/iTunes/TV%20Shows/Chuck/Season%202/Chuck%20Versus%20the%20Third%20Dimension.m4v', '19', '661', 2, 12, 0),
(2497, 'Chuck Versus the Suburbs', 'file:///Volumes/2TB%20Drive/iTunes/TV%20Shows/Chuck/Season%202/Chuck%20Versus%20the%20Suburbs.m4v', '19', '661', 2, 13, 0),
(2498, 'Chuck Versus the Best Friend', 'file:///Volumes/2TB%20Drive/iTunes/TV%20Shows/Chuck/Season%202/Chuck%20Versus%20the%20Best%20Friend.m4v', '19', '661', 2, 14, 0),
(2499, 'Chuck Versus the Beefcake', 'file:///Volumes/2TB%20Drive/iTunes/TV%20Shows/Chuck/Season%202/Chuck%20Versus%20the%20Beefcake.m4v', '19', '661', 2, 15, 0),
(2500, 'Chuck Versus the Lethal Weapon', 'file:///Volumes/2TB%20Drive/iTunes/TV%20Shows/Chuck/Season%202/Chuck%20Versus%20the%20Lethal%20Weapon.m4v', '19', '661', 2, 16, 0),
(2501, 'Chuck Versus the Predator', 'file:///Volumes/2TB%20Drive/iTunes/TV%20Shows/Chuck/Season%202/Chuck%20Versus%20the%20Predator.m4v', '19', '661', 2, 17, 0),
(2502, 'Brooklyn ''Til I Die', 'file:///Volumes/2TB%20Drive/iTunes/TV%20Shows/CSI%20NY/Season%208/Brooklyn%20''Til%20I%20Die.m4v', '667', '344', 2, 12, 0),
(2503, 'The Ripple Effect', 'file:///Volumes/2TB%20Drive/iTunes/TV%20Shows/CSI%20NY/Season%208/The%20Ripple%20Effect.m4v', '667', '344', 2, 13, 0),
(2504, 'Chuck Versus the Anniversary', 'file:///Volumes/2TB%20Drive/iTunes/TV%20Shows/Chuck/Season%204/Chuck%20Versus%20the%20Anniversary.m4v', '19', '661', 2, 1, 0),
(2505, 'Chuck Versus the Suitcase', 'file:///Volumes/2TB%20Drive/iTunes/TV%20Shows/Chuck/Season%204/Chuck%20Versus%20the%20Suitcase.m4v', '19', '661', 2, 2, 0),
(2506, 'Chuck Versus the Cubic Z', 'file:///Volumes/2TB%20Drive/iTunes/TV%20Shows/Chuck/Season%204/Chuck%20Versus%20the%20Cubic%20Z.m4v', '19', '661', 2, 3, 0),
(2507, 'Chuck Versus the Coup d''Etat', 'file:///Volumes/2TB%20Drive/iTunes/TV%20Shows/Chuck/Season%204/Chuck%20Versus%20the%20Coup%20d''Etat.m4v', '19', '661', 2, 4, 0),
(2508, 'Chuck Versus the Couch Lock', 'file:///Volumes/2TB%20Drive/iTunes/TV%20Shows/Chuck/Season%204/Chuck%20Versus%20the%20Couch%20Lock.m4v', '19', '661', 2, 5, 0),
(2509, 'Chuck Versus the Aisle of Terror', 'file:///Volumes/2TB%20Drive/iTunes/TV%20Shows/Chuck/Season%204/Chuck%20Versus%20the%20Aisle%20of%20Terror.m4v', '19', '661', 2, 6, 0),
(2510, 'Chuck versus the First Fight', 'file:///Volumes/2TB%20Drive/iTunes/TV%20Shows/Chuck/Season%204/Chuck%20versus%20the%20First%20Fight.m4v', '19', '661', 2, 7, 0),
(2511, 'Chuck Versus the Fear of Death', 'file:///Volumes/2TB%20Drive/iTunes/TV%20Shows/Chuck/Season%204/Chuck%20Versus%20the%20Fear%20of%20Death.m4v', '19', '661', 2, 8, 0),
(2512, 'Chuck Versus Phase Three', 'file:///Volumes/2TB%20Drive/iTunes/TV%20Shows/Chuck/Season%204/Chuck%20Versus%20Phase%20Three.m4v', '19', '661', 2, 9, 0),
(2513, 'Chuck Versus the Leftovers', 'file:///Volumes/2TB%20Drive/iTunes/TV%20Shows/Chuck/Season%204/Chuck%20Versus%20the%20Leftovers.m4v', '19', '661', 2, 10, 0),
(2514, 'Chuck Versus the Balcony', 'file:///Volumes/2TB%20Drive/iTunes/TV%20Shows/Chuck/Season%204/Chuck%20Versus%20the%20Balcony.m4v', '19', '661', 2, 11, 0),
(2515, 'Chuck Versus the Gobbler', 'file:///Volumes/2TB%20Drive/iTunes/TV%20Shows/Chuck/Season%204/Chuck%20Versus%20the%20Gobbler.m4v', '19', '661', 2, 12, 0),
(2516, 'Chuck Versus the Push Mix', 'file:///Volumes/2TB%20Drive/iTunes/TV%20Shows/Chuck/Season%204/Chuck%20Versus%20the%20Push%20Mix.m4v', '19', '661', 2, 13, 0),
(2517, 'Chuck Versus the Seduction Impossible', 'file:///Volumes/2TB%20Drive/iTunes/TV%20Shows/Chuck/Season%204/Chuck%20Versus%20the%20Seduction%20Impossible.m4v', '19', '661', 2, 14, 0),
(2518, 'Chuck Versus the Cat Squad', 'file:///Volumes/2TB%20Drive/iTunes/TV%20Shows/Chuck/Season%204/Chuck%20Versus%20the%20Cat%20Squad.m4v', '19', '661', 2, 15, 0),
(2519, 'Chuck Versus the Masquerade', 'file:///Volumes/2TB%20Drive/iTunes/TV%20Shows/Chuck/Season%204/Chuck%20Versus%20the%20Masquerade.m4v', '19', '661', 2, 16, 0),
(2520, 'Chuck Versus the First Bank of Evil', 'file:///Volumes/2TB%20Drive/iTunes/TV%20Shows/Chuck/Season%204/Chuck%20Versus%20the%20First%20Bank%20of%20Evil.m4v', '19', '661', 2, 17, 0),
(2521, 'Chuck Versus the A-Team', 'file:///Volumes/2TB%20Drive/iTunes/TV%20Shows/Chuck/Season%204/Chuck%20Versus%20the%20A-Team.m4v', '19', '661', 2, 18, 0),
(2522, 'Chuck Versus the Muuurder', 'file:///Volumes/2TB%20Drive/iTunes/TV%20Shows/Chuck/Season%204/Chuck%20Versus%20the%20Muuurder.m4v', '19', '661', 2, 19, 0),
(2523, 'Chuck Versus the Family Volkoff', 'file:///Volumes/2TB%20Drive/iTunes/TV%20Shows/Chuck/Season%204/Chuck%20Versus%20the%20Family%20Volkoff.m4v', '19', '661', 2, 20, 0),
(2524, 'Chuck Versus the Wedding Planner', 'file:///Volumes/2TB%20Drive/iTunes/TV%20Shows/Chuck/Season%204/Chuck%20Versus%20the%20Wedding%20Planner.m4v', '19', '661', 2, 21, 0),
(2525, 'Chuck Versus Agent X', 'file:///Volumes/2TB%20Drive/iTunes/TV%20Shows/Chuck/Season%204/Chuck%20Versus%20Agent%20X.m4v', '19', '661', 2, 22, 0),
(2526, 'Chuck Versus the Last Details', 'file:///Volumes/2TB%20Drive/iTunes/TV%20Shows/Chuck/Season%204/Chuck%20Versus%20the%20Last%20Details.m4v', '19', '661', 2, 23, 0),
(2527, 'Chuck Versus the Cliffhanger', 'file:///Volumes/2TB%20Drive/iTunes/TV%20Shows/Chuck/Season%204/Chuck%20Versus%20the%20Cliffhanger.m4v', '19', '661', 2, 24, 0),
(2537, 'Bodies in Motion', 'file:///Volumes/2TB%20Drive/iTunes/TV%20Shows/CSI/Season%206/Bodies%20in%20Motion.m4v', '667', '582', 2, 1, 0),
(2538, 'Room Service', 'file:///Volumes/2TB%20Drive/iTunes/TV%20Shows/CSI/Season%206/Room%20Service.m4v', '667', '582', 2, 2, 0),
(2539, 'Bite Me', 'file:///Volumes/2TB%20Drive/iTunes/TV%20Shows/CSI/Season%206/Bite%20Me.m4v', '667', '582', 2, 3, 0),
(2540, 'Shooting Stars', 'file:///Volumes/2TB%20Drive/iTunes/TV%20Shows/CSI/Season%206/Shooting%20Stars.m4v', '667', '582', 2, 4, 0),
(2541, 'Gum Drops', 'file:///Volumes/2TB%20Drive/iTunes/TV%20Shows/CSI/Season%206/Gum%20Drops.m4v', '667', '582', 2, 5, 0),
(2542, 'Secrets and Flies', 'file:///Volumes/2TB%20Drive/iTunes/TV%20Shows/CSI/Season%206/Secrets%20and%20Flies.m4v', '667', '582', 2, 6, 0),
(2543, 'A Bullet Runs Through It (Part 1)', 'file:///Volumes/2TB%20Drive/iTunes/TV%20Shows/CSI/Season%206/A%20Bullet%20Runs%20Through%20It%20(Part%201).m4v', '667', '582', 2, 7, 0),
(2544, 'A Bullet Runs Through It (Part 2)', 'file:///Volumes/2TB%20Drive/iTunes/TV%20Shows/CSI/Season%206/A%20Bullet%20Runs%20Through%20It%20(Part%202).m4v', '667', '582', 2, 8, 0),
(2545, 'Dog Eat Dog', 'file:///Volumes/2TB%20Drive/iTunes/TV%20Shows/CSI/Season%206/Dog%20Eat%20Dog.m4v', '667', '582', 2, 9, 0),
(2546, 'Still Life', 'file:///Volumes/2TB%20Drive/iTunes/TV%20Shows/CSI/Season%206/Still%20Life.m4v', '667', '582', 2, 10, 0),
(2547, 'Werewolves', 'file:///Volumes/2TB%20Drive/iTunes/TV%20Shows/CSI/Season%206/Werewolves.m4v', '667', '582', 2, 11, 0),
(2548, 'Daddy''s Little Girl', 'file:///Volumes/2TB%20Drive/iTunes/TV%20Shows/CSI/Season%206/Daddy''s%20Little%20Girl.m4v', '667', '582', 2, 12, 0);
INSERT INTO `main` (`id`, `title`, `path`, `genre`, `group`, `type`, `series_num`, `tv_season`) VALUES
(2549, 'Kiss-Kiss, Bye-Bye', 'file:///Volumes/2TB%20Drive/iTunes/TV%20Shows/CSI/Season%206/Kiss-Kiss,%20Bye-Bye.m4v', '667', '582', 2, 13, 0),
(2550, 'Killer', 'file:///Volumes/2TB%20Drive/iTunes/TV%20Shows/CSI/Season%206/Killer.m4v', '667', '582', 2, 14, 0),
(2551, 'Pirates of the Third Reich', 'file:///Volumes/2TB%20Drive/iTunes/TV%20Shows/CSI/Season%206/Pirates%20of%20the%20Third%20Reich.m4v', '667', '582', 2, 15, 0),
(2552, 'Up in Smoke', 'file:///Volumes/2TB%20Drive/iTunes/TV%20Shows/CSI/Season%206/Up%20in%20Smoke.m4v', '667', '582', 2, 16, 0),
(2553, 'I Like to Watch', 'file:///Volumes/2TB%20Drive/iTunes/TV%20Shows/CSI/Season%206/I%20Like%20to%20Watch.m4v', '667', '582', 2, 17, 0),
(2554, 'The Unusual Suspect', 'file:///Volumes/2TB%20Drive/iTunes/TV%20Shows/CSI/Season%206/The%20Unusual%20Suspect.m4v', '667', '582', 2, 18, 0),
(2555, 'Spellbound', 'file:///Volumes/2TB%20Drive/iTunes/TV%20Shows/CSI/Season%206/Spellbound.m4v', '667', '582', 2, 19, 0),
(2556, 'Poppin'' Tags', 'file:///Volumes/2TB%20Drive/iTunes/TV%20Shows/CSI/Season%206/Poppin''%20Tags.m4v', '667', '582', 2, 20, 0),
(2557, 'Rashomama', 'file:///Volumes/2TB%20Drive/iTunes/TV%20Shows/CSI/Season%206/Rashomama.m4v', '667', '582', 2, 21, 0),
(2558, 'Time of Your Death', 'file:///Volumes/2TB%20Drive/iTunes/TV%20Shows/CSI/Season%206/Time%20of%20Your%20Death.m4v', '667', '582', 2, 22, 0),
(2559, 'Bang-Bang (Part 1)', 'file:///Volumes/2TB%20Drive/iTunes/TV%20Shows/CSI/Season%206/Bang-Bang%20(Part%201).m4v', '667', '582', 2, 23, 0),
(2560, 'Way to Go (Part 2)', 'file:///Volumes/2TB%20Drive/iTunes/TV%20Shows/CSI/Season%206/Way%20to%20Go%20(Part%202).m4v', '667', '582', 2, 24, 0),
(2566, 'Flash Pop', 'file:///Volumes/2TB%20Drive/iTunes/TV%20Shows/CSI%20NY/Season%208/Flash%20Pop.m4v', '667', '344', 2, 14, 0),
(2571, 'Built To Kill Part 1', 'file:///Volumes/2TB%20Drive/iTunes/TV%20Shows/CSI/Season%207/Built%20To%20Kill%20Part%201.m4v', '667', '582', 2, 1, 0),
(2572, 'Built To Kill Part 2', 'file:///Volumes/2TB%20Drive/iTunes/TV%20Shows/CSI/Season%207/Built%20To%20Kill%20Part%202.m4v', '667', '582', 2, 2, 0),
(2573, 'Toe Tags', 'file:///Volumes/2TB%20Drive/iTunes/TV%20Shows/CSI/Season%207/Toe%20Tags.m4v', '667', '582', 2, 3, 0),
(2574, 'Fannysmackin''', 'file:///Volumes/2TB%20Drive/iTunes/TV%20Shows/CSI/Season%207/Fannysmackin''.m4v', '667', '582', 2, 4, 0),
(2575, 'Double Cross', 'file:///Volumes/2TB%20Drive/iTunes/TV%20Shows/CSI/Season%207/Double%20Cross.m4v', '667', '582', 2, 5, 0),
(2576, 'Burn Out', 'file:///Volumes/2TB%20Drive/iTunes/TV%20Shows/CSI/Season%207/Burn%20Out.m4v', '667', '582', 2, 6, 0),
(2577, 'Post Mortem', 'file:///Volumes/2TB%20Drive/iTunes/TV%20Shows/CSI/Season%207/Post%20Mortem.m4v', '667', '582', 2, 7, 0),
(2578, 'Happenstance', 'file:///Volumes/2TB%20Drive/iTunes/TV%20Shows/CSI/Season%207/Happenstance.m4v', '667', '582', 2, 8, 0),
(2579, 'Living Legend', 'file:///Volumes/2TB%20Drive/iTunes/TV%20Shows/CSI/Season%207/Living%20Legend.m4v', '667', '582', 2, 9, 0),
(2580, 'Loco Motives', 'file:///Volumes/2TB%20Drive/iTunes/TV%20Shows/CSI/Season%207/Loco%20Motives.m4v', '667', '582', 2, 10, 0),
(2581, 'Leaving Las Vegas', 'file:///Volumes/2TB%20Drive/iTunes/TV%20Shows/CSI/Season%207/Leaving%20Las%20Vegas.m4v', '667', '582', 2, 11, 0),
(2582, 'Sweet Jane', 'file:///Volumes/2TB%20Drive/iTunes/TV%20Shows/CSI/Season%207/Sweet%20Jane.m4v', '667', '582', 2, 12, 0),
(2583, 'Redrum', 'file:///Volumes/2TB%20Drive/iTunes/TV%20Shows/CSI/Season%207/Redrum.m4v', '667', '582', 2, 13, 0),
(2584, 'Meet Market', 'file:///Volumes/2TB%20Drive/iTunes/TV%20Shows/CSI/Season%207/Meet%20Market.m4v', '667', '582', 2, 14, 0),
(2585, 'Law of Gravity', 'file:///Volumes/2TB%20Drive/iTunes/TV%20Shows/CSI/Season%207/Law%20of%20Gravity.m4v', '667', '582', 2, 15, 0),
(2586, 'Monster In A Box', 'file:///Volumes/2TB%20Drive/iTunes/TV%20Shows/CSI/Season%207/Monster%20In%20A%20Box.m4v', '667', '582', 2, 16, 0),
(2587, 'Fallen Idols', 'file:///Volumes/2TB%20Drive/iTunes/TV%20Shows/CSI/Season%207/Fallen%20Idols.m4v', '667', '582', 2, 17, 0),
(2588, 'Empty Eyes', 'file:///Volumes/2TB%20Drive/iTunes/TV%20Shows/CSI/Season%207/Empty%20Eyes.m4v', '667', '582', 2, 18, 0),
(2589, 'Big Shots', 'file:///Volumes/2TB%20Drive/iTunes/TV%20Shows/CSI/Season%207/Big%20Shots.m4v', '667', '582', 2, 19, 0),
(2590, 'Lab Rats', 'file:///Volumes/2TB%20Drive/iTunes/TV%20Shows/CSI/Season%207/Lab%20Rats.m4v', '667', '582', 2, 20, 0),
(2591, 'Ending Happy', 'file:///Volumes/2TB%20Drive/iTunes/TV%20Shows/CSI/Season%207/Ending%20Happy.m4v', '667', '582', 2, 21, 0),
(2592, 'Leapin'' Lizards', 'file:///Volumes/2TB%20Drive/iTunes/TV%20Shows/CSI/Season%207/Leapin''%20Lizards.m4v', '667', '582', 2, 22, 0),
(2593, 'The Good, The Bad and The Dominatrix', 'file:///Volumes/2TB%20Drive/iTunes/TV%20Shows/CSI/Season%207/The%20Good,%20The%20Bad%20and%20The%20Dominatrix.m4v', '667', '582', 2, 23, 0),
(2594, 'Living Doll Part 1', 'file:///Volumes/2TB%20Drive/iTunes/TV%20Shows/CSI/Season%207/Living%20Doll%20Part%201.m4v', '667', '582', 2, 24, 0),
(2596, 'Kill Screen', 'file:///Volumes/2TB%20Drive/iTunes/TV%20Shows/CSI%20NY/Season%208/Kill%20Screen.m4v', '667', '344', 2, 15, 0),
(2597, 'Dead Doll Part 2', 'file:///Volumes/2TB%20Drive/iTunes/TV%20Shows/CSI/Season%208/Dead%20Doll%20Part%202.m4v', '667', '582', 2, 1, 0),
(2598, 'A La Cart', 'file:///Volumes/2TB%20Drive/iTunes/TV%20Shows/CSI/Season%208/A%20La%20Cart.m4v', '667', '582', 2, 2, 0),
(2599, 'Go to Hell', 'file:///Volumes/2TB%20Drive/iTunes/TV%20Shows/CSI/Season%208/Go%20to%20Hell.m4v', '667', '582', 2, 3, 0),
(2600, 'The Case of the Cross-Dressing Carp', 'file:///Volumes/2TB%20Drive/iTunes/TV%20Shows/CSI/Season%208/The%20Case%20of%20the%20Cross-Dressing%20Carp.m4v', '667', '582', 2, 4, 0),
(2601, 'The Chick Chop Flick Shop', 'file:///Volumes/2TB%20Drive/iTunes/TV%20Shows/CSI/Season%208/The%20Chick%20Chop%20Flick%20Shop.m4v', '667', '582', 2, 5, 0),
(2602, 'Who and What - Where and Why', 'file:///Volumes/2TB%20Drive/iTunes/TV%20Shows/CSI/Season%208/Who%20and%20What%20-%20Where%20and%20Why.m4v', '667', '582', 2, 6, 0),
(2603, 'Goodbye and Good Luck', 'file:///Volumes/2TB%20Drive/iTunes/TV%20Shows/CSI/Season%208/Goodbye%20and%20Good%20Luck.m4v', '667', '582', 2, 7, 0),
(2604, 'You Kill Me', 'file:///Volumes/2TB%20Drive/iTunes/TV%20Shows/CSI/Season%208/You%20Kill%20Me.m4v', '667', '582', 2, 8, 0),
(2605, 'Cockroaches', 'file:///Volumes/2TB%20Drive/iTunes/TV%20Shows/CSI/Season%208/Cockroaches.m4v', '667', '582', 2, 9, 0),
(2606, 'Lying Down with Dogs', 'file:///Volumes/2TB%20Drive/iTunes/TV%20Shows/CSI/Season%208/Lying%20Down%20with%20Dogs.m4v', '667', '582', 2, 10, 0),
(2607, 'Bull', 'file:///Volumes/2TB%20Drive/iTunes/TV%20Shows/CSI/Season%208/Bull.m4v', '667', '582', 2, 11, 0),
(2608, 'Grissom''s Divine Comedy', 'file:///Volumes/2TB%20Drive/iTunes/TV%20Shows/CSI/Season%208/Grissom''s%20Divine%20Comedy.m4v', '667', '582', 2, 12, 0),
(2609, 'A Thousand Days on Earth', 'file:///Volumes/2TB%20Drive/iTunes/TV%20Shows/CSI/Season%208/A%20Thousand%20Days%20on%20Earth.m4v', '667', '582', 2, 13, 0),
(2610, 'Drops Out', 'file:///Volumes/2TB%20Drive/iTunes/TV%20Shows/CSI/Season%208/Drops%20Out.m4v', '667', '582', 2, 14, 0),
(2611, 'The Theory of Everything', 'file:///Volumes/2TB%20Drive/iTunes/TV%20Shows/CSI/Season%208/The%20Theory%20of%20Everything.m4v', '667', '582', 2, 15, 0),
(2612, 'Two and a Half Deaths', 'file:///Volumes/2TB%20Drive/iTunes/TV%20Shows/CSI/Season%208/Two%20and%20a%20Half%20Deaths.m4v', '667', '582', 2, 16, 0),
(2613, 'For Gedda - Part 1', 'file:///Volumes/2TB%20Drive/iTunes/TV%20Shows/CSI/Season%208/For%20Gedda%20-%20Part%201.m4v', '667', '582', 2, 17, 0),
(2618, 'Chuck Versus the Zoom', 'file:///Volumes/2TB%20Drive/iTunes/TV%20Shows/Chuck/Season%205/Chuck%20Versus%20the%20Zoom.m4v', '19', '661', 2, 1, 0),
(2619, 'Chuck Versus the Bearded Bandit', 'file:///Volumes/2TB%20Drive/iTunes/TV%20Shows/Chuck/Season%205/Chuck%20Versus%20the%20Bearded%20Bandit.m4v', '19', '661', 2, 2, 0),
(2620, 'Chuck Versus the Frosted Tips', 'file:///Volumes/2TB%20Drive/iTunes/TV%20Shows/Chuck/Season%205/Chuck%20Versus%20the%20Frosted%20Tips.m4v', '19', '661', 2, 3, 0),
(2621, 'Chuck Versus the Hack Off', 'file:///Volumes/2TB%20Drive/iTunes/TV%20Shows/Chuck/Season%205/Chuck%20Versus%20the%20Hack%20Off.m4v', '19', '661', 2, 5, 0),
(2622, 'Chuck Versus the Curse', 'file:///Volumes/2TB%20Drive/iTunes/TV%20Shows/Chuck/Season%205/Chuck%20Versus%20the%20Curse.m4v', '19', '661', 2, 6, 0),
(2623, 'Chuck Versus the Santa Suit', 'file:///Volumes/2TB%20Drive/iTunes/TV%20Shows/Chuck/Season%205/Chuck%20Versus%20the%20Santa%20Suit.m4v', '19', '661', 2, 7, 0),
(2624, 'Chuck Versus the Baby', 'file:///Volumes/2TB%20Drive/iTunes/TV%20Shows/Chuck/Season%205/Chuck%20Versus%20the%20Baby.m4v', '19', '661', 2, 8, 0),
(2625, 'Chuck Versus the Kept Man', 'file:///Volumes/2TB%20Drive/iTunes/TV%20Shows/Chuck/Season%205/Chuck%20Versus%20the%20Kept%20Man.m4v', '19', '661', 2, 9, 0),
(2626, 'Chuck Versus Bo', 'file:///Volumes/2TB%20Drive/iTunes/TV%20Shows/Chuck/Season%205/Chuck%20Versus%20Bo.m4v', '19', '661', 2, 10, 0),
(2627, 'Chuck Versus the Bullet Train', 'file:///Volumes/2TB%20Drive/iTunes/TV%20Shows/Chuck/Season%205/Chuck%20Versus%20the%20Bullet%20Train.m4v', '19', '661', 2, 11, 0),
(2628, 'Chuck Versus Sarah', 'file:///Volumes/2TB%20Drive/iTunes/TV%20Shows/Chuck/Season%205/Chuck%20Versus%20Sarah.m4v', '19', '661', 2, 12, 0),
(2629, 'Chuck Versus the Goodbye', 'file:///Volumes/2TB%20Drive/iTunes/TV%20Shows/Chuck/Season%205/Chuck%20Versus%20the%20Goodbye.m4v', '19', '661', 2, 13, 0),
(2630, 'Chuck Versus the Business Trip', 'file:///Volumes/2TB%20Drive/iTunes/TV%20Shows/Chuck/Season%205/Chuck%20Versus%20the%20Business%20Trip.m4v', '19', '661', 2, 4, 0),
(2634, 'Slainte', 'file:///Volumes/2TB%20Drive/iTunes/TV%20Shows/CSI%20NY/Season%208/Slainte.m4v', '667', '344', 2, 16, 0),
(2635, 'Unwrapped', 'file:///Volumes/2TB%20Drive/iTunes/TV%20Shows/CSI%20NY/Season%208/Unwrapped.m4v', '667', '344', 2, 17, 0),
(2636, 'Near Death', 'file:///Volumes/2TB%20Drive/iTunes/TV%20Shows/CSI%20NY/Season%208/Near%20Death.m4v', '667', '344', 2, 18, 0),
(2637, 'For Warrick (2)', 'file:///Volumes/2TB%20Drive/iTunes/TV%20Shows/CSI/Season%209/For%20Warrick%20(2).m4v', '667', '582', 2, 1, 0),
(2638, 'The Happy Place', 'file:///Volumes/2TB%20Drive/iTunes/TV%20Shows/CSI/Season%209/The%20Happy%20Place.m4v', '667', '582', 2, 2, 0),
(2639, 'Art Imitates Life', 'file:///Volumes/2TB%20Drive/iTunes/TV%20Shows/CSI/Season%209/Art%20Imitates%20Life.m4v', '667', '582', 2, 3, 0),
(2640, 'Let It Bleed', 'file:///Volumes/2TB%20Drive/iTunes/TV%20Shows/CSI/Season%209/Let%20It%20Bleed.m4v', '667', '582', 2, 4, 0),
(2641, 'Leave Out All the Rest', 'file:///Volumes/2TB%20Drive/iTunes/TV%20Shows/CSI/Season%209/Leave%20Out%20All%20the%20Rest.m4v', '667', '582', 2, 5, 0),
(2642, 'Say Uncle', 'file:///Volumes/2TB%20Drive/iTunes/TV%20Shows/CSI/Season%209/Say%20Uncle.m4v', '667', '582', 2, 6, 0),
(2643, 'Woulda, Coulda, Shoulda', 'file:///Volumes/2TB%20Drive/iTunes/TV%20Shows/CSI/Season%209/Woulda,%20Coulda,%20Shoulda.m4v', '667', '582', 2, 7, 0),
(2644, 'Young Man With A Horn', 'file:///Volumes/2TB%20Drive/iTunes/TV%20Shows/CSI/Season%209/Young%20Man%20With%20A%20Horn.m4v', '667', '582', 2, 8, 0),
(2645, 'Down (1)', 'file:///Volumes/2TB%20Drive/iTunes/TV%20Shows/CSI/Season%209/Down%20(1).m4v', '667', '582', 2, 9, 0),
(2646, 'One To Go (2)', 'file:///Volumes/2TB%20Drive/iTunes/TV%20Shows/CSI/Season%209/One%20To%20Go%20(2).m4v', '667', '582', 2, 10, 0),
(2647, 'The Grave Shift', 'file:///Volumes/2TB%20Drive/iTunes/TV%20Shows/CSI/Season%209/The%20Grave%20Shift.m4v', '667', '582', 2, 11, 0),
(2648, 'Disarmed And Dangerous', 'file:///Volumes/2TB%20Drive/iTunes/TV%20Shows/CSI/Season%209/Disarmed%20And%20Dangerous.m4v', '667', '582', 2, 12, 0),
(2649, 'Deep Fried and Minty Fresh', 'file:///Volumes/2TB%20Drive/iTunes/TV%20Shows/CSI/Season%209/Deep%20Fried%20and%20Minty%20Fresh.m4v', '667', '582', 2, 13, 0),
(2650, 'Miscarriage of Justice', 'file:///Volumes/2TB%20Drive/iTunes/TV%20Shows/CSI/Season%209/Miscarriage%20of%20Justice.m4v', '667', '582', 2, 14, 0),
(2651, 'Kill Me If You Can', 'file:///Volumes/2TB%20Drive/iTunes/TV%20Shows/CSI/Season%209/Kill%20Me%20If%20You%20Can.m4v', '667', '582', 2, 15, 0),
(2652, 'Turn, Turn, Turn', 'file:///Volumes/2TB%20Drive/iTunes/TV%20Shows/CSI/Season%209/Turn,%20Turn,%20Turn.m4v', '667', '582', 2, 16, 0),
(2653, 'No Way Out', 'file:///Volumes/2TB%20Drive/iTunes/TV%20Shows/CSI/Season%209/No%20Way%20Out.m4v', '667', '582', 2, 17, 0),
(2654, 'Mascara', 'file:///Volumes/2TB%20Drive/iTunes/TV%20Shows/CSI/Season%209/Mascara.m4v', '667', '582', 2, 18, 0),
(2655, 'The Descent of Man', 'file:///Volumes/2TB%20Drive/iTunes/TV%20Shows/CSI/Season%209/The%20Descent%20of%20Man.m4v', '667', '582', 2, 19, 0),
(2656, 'A Space Oddity', 'file:///Volumes/2TB%20Drive/iTunes/TV%20Shows/CSI/Season%209/A%20Space%20Oddity.m4v', '667', '582', 2, 20, 0),
(2657, 'If I Had A Hammer...', 'file:///Volumes/2TB%20Drive/iTunes/TV%20Shows/CSI/Season%209/If%20I%20Had%20A%20Hammer....m4v', '667', '582', 2, 21, 0),
(2658, 'The Gone Dead Train', 'file:///Volumes/2TB%20Drive/iTunes/TV%20Shows/CSI/Season%209/The%20Gone%20Dead%20Train.m4v', '667', '582', 2, 22, 0),
(2659, 'Hog Heaven', 'file:///Volumes/2TB%20Drive/iTunes/TV%20Shows/CSI/Season%209/Hog%20Heaven.m4v', '667', '582', 2, 23, 0),
(2663, 'Drop.Dead.Diva.S04E01', 'file:///Volumes/2TB%20Drive/iTunes/TV%20Shows/Drop%20Dead%20Diva/Season%204/Drop.Dead.Diva.S04E01.m4v', '25', '332', 2, 1, 0),
(2664, 'Drop.Dead.Diva.S04E02', 'file:///Volumes/2TB%20Drive/iTunes/TV%20Shows/Drop%20Dead%20Diva/Season%204/Drop.Dead.Diva.S04E02.m4v', '25', '332', 2, 2, 0),
(2665, 'Rookie.Blue.S03E01', 'file:///Volumes/2TB%20Drive/iTunes/TV%20Shows/Rookie%20Blue/Season%203/Rookie.Blue.S03E01.m4v', '25', '859', 2, 1, 0),
(2666, 'Rookie.Blue.S03E02', 'file:///Volumes/2TB%20Drive/iTunes/TV%20Shows/Rookie%20Blue/Season%203/Rookie.Blue.S03E02.m4v', '25', '859', 2, 2, 0),
(2667, 'Rookie.Blue.S03E03', 'file:///Volumes/2TB%20Drive/iTunes/TV%20Shows/Rookie%20Blue/Season%203/Rookie.Blue.S03E03.m4v', '25', '859', 2, 3, 0),
(2670, 'Rookie.Blue.S03E04', 'file:///Volumes/2TB%20Drive/iTunes/TV%20Shows/Rookie%20Blue/Season%203/Rookie.Blue.S03E04.m4v', '0', '859', 2, 4, 0),
(2671, 'Rookie.Blue.S03E05', 'file:///Volumes/2TB%20Drive/iTunes/TV%20Shows/Rookie%20Blue/Season%203/Rookie.Blue.S03E05.m4v', '0', '859', 2, 5, 0),
(2672, 'Drop.Dead.Diva.S04E04', 'file:///Volumes/2TB%20Drive/iTunes/TV%20Shows/Drop%20Dead%20Diva/Season%204/Drop.Dead.Diva.S04E04.m4v', '0', '332', 2, 4, 0),
(2673, 'Drop.Dead.Diva.S04E05', 'file:///Volumes/2TB%20Drive/iTunes/TV%20Shows/Drop%20Dead%20Diva/Season%204/Drop.Dead.Diva.S04E05.m4v', '0', '332', 2, 5, 0),
(2677, 'Pilot', 'file:///Volumes/2TB%20Drive/iTunes/TV%20Shows/Girls/Season%201/Pilot.m4v', '25', '866', 2, 1, 0),
(2678, 'Vagina Panic', 'file:///Volumes/2TB%20Drive/iTunes/TV%20Shows/Girls/Season%201/Vagina%20Panic.m4v', '25', '866', 2, 2, 0),
(2679, 'All Adventurous Women Do', 'file:///Volumes/2TB%20Drive/iTunes/TV%20Shows/Girls/Season%201/All%20Adventurous%20Women%20Do.m4v', '25', '866', 2, 3, 0),
(2680, 'Hannah''s Diary', 'file:///Volumes/2TB%20Drive/iTunes/TV%20Shows/Girls/Season%201/Hannah''s%20Diary.m4v', '25', '866', 2, 4, 0),
(2681, 'Hard Being Easy', 'file:///Volumes/2TB%20Drive/iTunes/TV%20Shows/Girls/Season%201/Hard%20Being%20Easy.m4v', '25', '866', 2, 5, 0),
(2682, 'The Return', 'file:///Volumes/2TB%20Drive/iTunes/TV%20Shows/Girls/Season%201/The%20Return.m4v', '25', '866', 2, 6, 0),
(2683, 'Welcome to Brunswick a.k.a. The Crackcident', 'file:///Volumes/2TB%20Drive/iTunes/TV%20Shows/Girls/Season%201/Welcome%20to%20Brunswick%20a.k.a.%20The%20Crackcident.m4v', '25', '866', 2, 7, 0),
(2684, 'Weirdos Need Girlfriends Too', 'file:///Volumes/2TB%20Drive/iTunes/TV%20Shows/Girls/Season%201/Weirdos%20Need%20Girlfriends%20Too.m4v', '25', '866', 2, 8, 0),
(2685, 'Leave Me Alone', 'file:///Volumes/2TB%20Drive/iTunes/TV%20Shows/Girls/Season%201/Leave%20Me%20Alone.m4v', '25', '866', 2, 9, 0),
(2686, 'She Did', 'file:///Volumes/2TB%20Drive/iTunes/TV%20Shows/Girls/Season%201/She%20Did.m4v', '25', '866', 2, 10, 0),
(2687, 'Rookie.Blue.S03E06', 'file:///Volumes/2TB%20Drive/iTunes/TV%20Shows/Rookie%20Blue/Season%203/Rookie.Blue.S03E06.m4v', '25', '859', 2, 6, 0),
(2688, 'Rookie.Blue.S03E07', 'file:///Volumes/2TB%20Drive/iTunes/TV%20Shows/Rookie%20Blue/Season%203/Rookie.Blue.S03E07.m4v', '0', '859', 2, 7, 0),
(2689, 'Drop.Dead.Diva.S04E06', 'file:///Volumes/2TB%20Drive/iTunes/TV%20Shows/Drop%20Dead%20Diva/Season%204/Drop.Dead.Diva.S04E06.m4v', '0', '332', 2, 6, 0),
(2690, 'Drop.Dead.Diva.S04E07', 'file:///Volumes/2TB%20Drive/iTunes/TV%20Shows/Drop%20Dead%20Diva/Season%204/Drop.Dead.Diva.S04E07.m4v', '0', '332', 2, 7, 0),
(2691, 'Family Affair', 'file:///Volumes/2TB%20Drive/iTunes/TV%20Shows/CSI/Season%2010/Family%20Affair.m4v', '667', '582', 2, 1, 0),
(2692, 'Ghost Town', 'file:///Volumes/2TB%20Drive/iTunes/TV%20Shows/CSI/Season%2010/Ghost%20Town.m4v', '667', '582', 2, 2, 0),
(2693, 'Working stiffs', 'file:///Volumes/2TB%20Drive/iTunes/TV%20Shows/CSI/Season%2010/Working%20stiffs.m4v', '667', '582', 2, 3, 0),
(2694, 'Coup De Grace', 'file:///Volumes/2TB%20Drive/iTunes/TV%20Shows/CSI/Season%2010/Coup%20De%20Grace.m4v', '667', '582', 2, 4, 0),
(2695, 'Bloodsport', 'file:///Volumes/2TB%20Drive/iTunes/TV%20Shows/CSI/Season%2010/Bloodsport.m4v', '667', '582', 2, 5, 0),
(2696, 'Death And The Maiden', 'file:///Volumes/2TB%20Drive/iTunes/TV%20Shows/CSI/Season%2010/Death%20And%20The%20Maiden.m4v', '667', '582', 2, 6, 0),
(2697, 'The Lost Girls', 'file:///Volumes/2TB%20Drive/iTunes/TV%20Shows/CSI/Season%2010/The%20Lost%20Girls.m4v', '667', '582', 2, 7, 0),
(2698, 'Lover''s Lanes', 'file:///Volumes/2TB%20Drive/iTunes/TV%20Shows/CSI/Season%2010/Lover''s%20Lanes.m4v', '667', '582', 2, 8, 0),
(2699, 'Appendicitement', 'file:///Volumes/2TB%20Drive/iTunes/TV%20Shows/CSI/Season%2010/Appendicitement.m4v', '667', '582', 2, 9, 0),
(2700, 'Better Of Dead', 'file:///Volumes/2TB%20Drive/iTunes/TV%20Shows/CSI/Season%2010/Better%20Of%20Dead.m4v', '667', '582', 2, 10, 0),
(2701, 'Sin City Blue', 'file:///Volumes/2TB%20Drive/iTunes/TV%20Shows/CSI/Season%2010/Sin%20City%20Blue.m4v', '667', '582', 2, 11, 0),
(2702, 'Long Ball', 'file:///Volumes/2TB%20Drive/iTunes/TV%20Shows/CSI/Season%2010/Long%20Ball.m4v', '667', '582', 2, 12, 0),
(2703, 'Internal Combustion', 'file:///Volumes/2TB%20Drive/iTunes/TV%20Shows/CSI/Season%2010/Internal%20Combustion.m4v', '667', '582', 2, 13, 0),
(2704, 'Unshockable', 'file:///Volumes/2TB%20Drive/iTunes/TV%20Shows/CSI/Season%2010/Unshockable.m4v', '667', '582', 2, 14, 0),
(2705, 'Neverland', 'file:///Volumes/2TB%20Drive/iTunes/TV%20Shows/CSI/Season%2010/Neverland.m4v', '667', '582', 2, 15, 0),
(2706, 'The Panty Sniffer', 'file:///Volumes/2TB%20Drive/iTunes/TV%20Shows/CSI/Season%2010/The%20Panty%20Sniffer.m4v', '667', '582', 2, 16, 0),
(2707, 'Irradiator', 'file:///Volumes/2TB%20Drive/iTunes/TV%20Shows/CSI/Season%2010/Irradiator.m4v', '667', '582', 2, 17, 0),
(2708, 'Field Mice', 'file:///Volumes/2TB%20Drive/iTunes/TV%20Shows/CSI/Season%2010/Field%20Mice.m4v', '667', '582', 2, 18, 0),
(2709, 'World''s End', 'file:///Volumes/2TB%20Drive/iTunes/TV%20Shows/CSI/Season%2010/World''s%20End.m4v', '667', '582', 2, 19, 0),
(2710, 'Take My Life, Please!', 'file:///Volumes/2TB%20Drive/iTunes/TV%20Shows/CSI/Season%2010/Take%20My%20Life,%20Please!.m4v', '667', '582', 2, 20, 0),
(2711, 'Lost & Found', 'file:///Volumes/2TB%20Drive/iTunes/TV%20Shows/CSI/Season%2010/Lost%20&%20Found.m4v', '667', '582', 2, 21, 0),
(2712, 'Doctor Who (1)', 'file:///Volumes/2TB%20Drive/iTunes/TV%20Shows/CSI/Season%2010/Doctor%20Who%20(1).m4v', '667', '582', 2, 22, 0),
(2713, 'Meat Jekyll (2)', 'file:///Volumes/2TB%20Drive/iTunes/TV%20Shows/CSI/Season%2010/Meat%20Jekyll%20(2).m4v', '667', '582', 2, 23, 0),
(2730, 'Drop.Dead.Diva.S04E08', 'file:///Volumes/2TB%20Drive/iTunes/TV%20Shows/Drop%20Dead%20Diva/Season%204/Drop.Dead.Diva.S04E08.m4v', '0', '332', 2, 8, 0),
(2734, 'Rookie.Blue.S03E08', 'file:///Volumes/2TB%20Drive/iTunes/TV%20Shows/Rookie%20Blue/Season%203/Rookie.Blue.S03E08.m4v', '0', '859', 2, 8, 0),
(2735, 'Rookie.Blue.S03E09', 'file:///Volumes/2TB%20Drive/iTunes/TV%20Shows/Rookie%20Blue/Season%203/Rookie.Blue.S03E09.m4v', '0', '859', 2, 9, 0),
(2736, 'Rookie.Blue.S03E10', 'file:///Volumes/2TB%20Drive/iTunes/TV%20Shows/Rookie%20Blue/Season%203/Rookie.Blue.S03E10.m4v', '0', '859', 2, 10, 0),
(2795, 'Rookie.Blue.S03E11', 'file:///Volumes/2TB%20Drive/iTunes/TV%20Shows/Rookie%20Blue/Season%203/Rookie.Blue.S03E11.m4v', '0', '859', 2, 11, 0),
(2801, 'Drop.Dead.Diva.S04E09', 'file:///Volumes/2TB%20Drive/iTunes/TV%20Shows/Drop%20Dead%20Diva/Season%204/Drop.Dead.Diva.S04E09.m4v', '25', '332', 2, 9, 0),
(2802, 'Drop.Dead.Diva.S04E10', 'file:///Volumes/2TB%20Drive/iTunes/TV%20Shows/Drop%20Dead%20Diva/Season%204/Drop.Dead.Diva.S04E10.m4v', '0', '332', 2, 10, 0),
(2803, 'Drop.Dead.Diva.S04E11', 'file:///Volumes/2TB%20Drive/iTunes/TV%20Shows/Drop%20Dead%20Diva/Season%204/Drop.Dead.Diva.S04E11.m4v', '0', '332', 2, 11, 0),
(2804, 'Drop.Dead.Diva.S04E12', 'file:///Volumes/2TB%20Drive/iTunes/TV%20Shows/Drop%20Dead%20Diva/Season%204/Drop.Dead.Diva.S04E12.m4v', '0', '332', 2, 12, 0),
(2815, 'Shock Waves', 'file:///Volumes/2TB%20Drive/iTunes/TV%20Shows/CSI/Season%2011/Shock%20Waves.m4v', '667', '582', 2, 1, 0),
(2818, 'Rookie.Blue.S03E12', 'file:///Volumes/2TB%20Drive/iTunes/TV%20Shows/Rookie%20Blue/Season%203/Rookie.Blue.S03E12.m4v', '0', '859', 2, 12, 0),
(2819, 'Rookie.Blue.S03E13', 'file:///Volumes/2TB%20Drive/iTunes/TV%20Shows/Rookie%20Blue/Season%203/Rookie.Blue.S03E13.m4v', '0', '859', 2, 13, 0),
(2820, 'Drop.Dead.Diva.S04E13', 'file:///Volumes/2TB%20Drive/iTunes/TV%20Shows/Drop%20Dead%20Diva/Season%204/Drop.Dead.Diva.S04E13.m4v', '25', '332', 2, 13, 0),
(2827, 'Pool Shark', 'file:///Volumes/2TB%20Drive/iTunes/TV%20Shows/CSI/Season%2011/Pool%20Shark.m4v', '667', '582', 2, 2, 0),
(2828, 'Blood Moon', 'file:///Volumes/2TB%20Drive/iTunes/TV%20Shows/CSI/Season%2011/Blood%20Moon.m4v', '667', '582', 2, 3, 0),
(2829, 'Sqweegel', 'file:///Volumes/2TB%20Drive/iTunes/TV%20Shows/CSI/Season%2011/Sqweegel.m4v', '667', '582', 2, 4, 0),
(2832, 'Billy Connolly Tour of New Zealand 1-4', 'file:///Volumes/2TB%20Drive/iTunes/TV%20Shows/Billy%20Connelly%20Tour%20of%20New%20Zealand/Billy%20Connolly%20Tour%20of%20New%20Zealand%201-4.m4v', '0', '919', 2, 9, 0),
(2833, 'Billy Connolly Tour of New Zealand 1', 'file:///Volumes/2TB%20Drive/iTunes/TV%20Shows/Billy%20Connelly%20Tour%20of%20New%20Zealand/Billy%20Connolly%20Tour%20of%20New%20Zealand%201.m4v', '0', '919', 2, 1, 0),
(2834, 'Billy Connolly Tour of New Zealand 2', 'file:///Volumes/2TB%20Drive/iTunes/TV%20Shows/Billy%20Connelly%20Tour%20of%20New%20Zealand/Billy%20Connolly%20Tour%20of%20New%20Zealand%202.m4v', '0', '919', 2, 2, 0),
(2835, 'Billy Connolly Tour of New Zealand 3', 'file:///Volumes/2TB%20Drive/iTunes/TV%20Shows/Billy%20Connelly%20Tour%20of%20New%20Zealand/Billy%20Connolly%20Tour%20of%20New%20Zealand%203.m4v', '0', '919', 2, 3, 0),
(2836, 'Billy Connolly Tour of New Zealand 4', 'file:///Volumes/2TB%20Drive/iTunes/TV%20Shows/Billy%20Connelly%20Tour%20of%20New%20Zealand/Billy%20Connolly%20Tour%20of%20New%20Zealand%204.m4v', '0', '919', 2, 4, 0),
(2837, 'Billy Connolly Tour of New Zealand 5-8', 'file:///Volumes/2TB%20Drive/iTunes/TV%20Shows/Billy%20Connelly%20Tour%20of%20New%20Zealand/Billy%20Connolly%20Tour%20of%20New%20Zealand%205-8.m4v', '0', '919', 2, 10, 0),
(2838, 'Billy Connolly Tour of New Zealand 5', 'file:///Volumes/2TB%20Drive/iTunes/TV%20Shows/Billy%20Connelly%20Tour%20of%20New%20Zealand/Billy%20Connolly%20Tour%20of%20New%20Zealand%205.m4v', '0', '919', 2, 5, 0),
(2839, 'Billy Connolly Tour of New Zealand 6', 'file:///Volumes/2TB%20Drive/iTunes/TV%20Shows/Billy%20Connelly%20Tour%20of%20New%20Zealand/Billy%20Connolly%20Tour%20of%20New%20Zealand%206.m4v', '0', '919', 2, 6, 0),
(2840, 'Billy Connolly Tour of New Zealand 7', 'file:///Volumes/2TB%20Drive/iTunes/TV%20Shows/Billy%20Connelly%20Tour%20of%20New%20Zealand/Billy%20Connolly%20Tour%20of%20New%20Zealand%207.m4v', '0', '919', 2, 7, 0),
(2841, 'Billy Connolly Tour of New Zealand 8', 'file:///Volumes/2TB%20Drive/iTunes/TV%20Shows/Billy%20Connelly%20Tour%20of%20New%20Zealand/Billy%20Connolly%20Tour%20of%20New%20Zealand%208.m4v', '0', '919', 2, 8, 0),
(2843, 'House of Hoarders', 'file:///Volumes/2TB%20Drive/iTunes/TV%20Shows/CSI/Season%2011/House%20of%20Hoarders.m4v', '667', '582', 2, 5, 0),
(2844, 'Cold Blooded', 'file:///Volumes/2TB%20Drive/iTunes/TV%20Shows/CSI/Season%2011/Cold%20Blooded.m4v', '667', '582', 2, 6, 0),
(2845, 'Bump and Grind', 'file:///Volumes/2TB%20Drive/iTunes/TV%20Shows/CSI/Season%2011/Bump%20and%20Grind.m4v', '667', '582', 2, 7, 0),
(2846, 'Fracked', 'file:///Volumes/2TB%20Drive/iTunes/TV%20Shows/CSI/Season%2011/Fracked.m4v', '667', '582', 2, 8, 0),
(2847, 'Wild Life', 'file:///Volumes/2TB%20Drive/iTunes/TV%20Shows/CSI/Season%2011/Wild%20Life.m4v', '667', '582', 2, 9, 0),
(2848, '418/427', 'file:///Volumes/2TB%20Drive/iTunes/TV%20Shows/CSI/Season%2011/418_427.m4v', '667', '582', 2, 10, 0),
(2849, 'Man Up', 'file:///Volumes/2TB%20Drive/iTunes/TV%20Shows/CSI/Season%2011/Man%20Up.m4v', '667', '582', 2, 11, 0),
(2850, 'A Kiss Before Frying', 'file:///Volumes/2TB%20Drive/iTunes/TV%20Shows/CSI/Season%2011/A%20Kiss%20Before%20Frying.m4v', '667', '582', 2, 12, 0),
(2851, 'The Two Mrs. Grissoms', 'file:///Volumes/2TB%20Drive/iTunes/TV%20Shows/CSI/Season%2011/The%20Two%20Mrs.%20Grissoms.m4v', '667', '582', 2, 13, 0),
(2852, 'All That Cremains', 'file:///Volumes/2TB%20Drive/iTunes/TV%20Shows/CSI/Season%2011/All%20That%20Cremains.m4v', '667', '582', 2, 14, 0),
(2853, 'Targets of Obsession', 'file:///Volumes/2TB%20Drive/iTunes/TV%20Shows/CSI/Season%2011/Targets%20of%20Obsession.m4v', '667', '582', 2, 15, 0),
(2854, 'Turn On, Turn In, Drop Dead', 'file:///Volumes/2TB%20Drive/iTunes/TV%20Shows/CSI/Season%2011/Turn%20On,%20Turn%20In,%20Drop%20Dead.m4v', '667', '582', 2, 16, 0),
(2855, 'The List', 'file:///Volumes/2TB%20Drive/iTunes/TV%20Shows/CSI/Season%2011/The%20List.m4v', '667', '582', 2, 17, 0),
(2856, 'Hitting for the Cycle', 'file:///Volumes/2TB%20Drive/iTunes/TV%20Shows/CSI/Season%2011/Hitting%20for%20the%20Cycle.m4v', '667', '582', 2, 18, 0),
(2858, 'CSI NY S01E01', 'file:///Volumes/2TB%20Drive/iTunes/TV%20Shows/CSI%20NY/Season%201/CSI%20NY%20S01E01.m4v', '667', '344', 2, 1, 0),
(2859, 'CSI NY S01E02', 'file:///Volumes/2TB%20Drive/iTunes/TV%20Shows/CSI%20NY/Season%201/CSI%20NY%20S01E02.m4v', '667', '344', 2, 2, 0),
(2860, 'CSI NY S01E03', 'file:///Volumes/2TB%20Drive/iTunes/TV%20Shows/CSI%20NY/Season%201/CSI%20NY%20S01E03.m4v', '667', '344', 2, 3, 0),
(2861, 'CSI NY S01E04', 'file:///Volumes/2TB%20Drive/iTunes/TV%20Shows/CSI%20NY/Season%201/CSI%20NY%20S01E04.m4v', '667', '344', 2, 4, 0),
(2862, 'CSI NY S01E05', 'file:///Volumes/2TB%20Drive/iTunes/TV%20Shows/CSI%20NY/Season%201/CSI%20NY%20S01E05.m4v', '667', '344', 2, 5, 0),
(2863, 'CSI NY S01E06', 'file:///Volumes/2TB%20Drive/iTunes/TV%20Shows/CSI%20NY/Season%201/CSI%20NY%20S01E06.m4v', '667', '344', 2, 6, 0),
(2864, 'CSI NY S01E07', 'file:///Volumes/2TB%20Drive/iTunes/TV%20Shows/CSI%20NY/Season%201/CSI%20NY%20S01E07.m4v', '667', '344', 2, 7, 0),
(2865, 'CSI NY S01E08', 'file:///Volumes/2TB%20Drive/iTunes/TV%20Shows/CSI%20NY/Season%201/CSI%20NY%20S01E08.m4v', '667', '344', 2, 8, 0),
(2866, 'CSI NY S01E09', 'file:///Volumes/2TB%20Drive/iTunes/TV%20Shows/CSI%20NY/Season%201/CSI%20NY%20S01E09.m4v', '667', '344', 2, 9, 0),
(2867, 'CSI NY S01E10', 'file:///Volumes/2TB%20Drive/iTunes/TV%20Shows/CSI%20NY/Season%201/CSI%20NY%20S01E10.m4v', '667', '344', 2, 10, 0),
(2868, 'CSI NY S01E11', 'file:///Volumes/2TB%20Drive/iTunes/TV%20Shows/CSI%20NY/Season%201/CSI%20NY%20S01E11.m4v', '667', '344', 2, 11, 0),
(2869, 'CSI NY S01E12', 'file:///Volumes/2TB%20Drive/iTunes/TV%20Shows/CSI%20NY/Season%201/CSI%20NY%20S01E12.m4v', '667', '344', 2, 12, 0),
(2870, 'CSI NY S01E13', 'file:///Volumes/2TB%20Drive/iTunes/TV%20Shows/CSI%20NY/Season%201/CSI%20NY%20S01E13.m4v', '667', '344', 2, 13, 0),
(2871, 'CSI NY S01E14', 'file:///Volumes/2TB%20Drive/iTunes/TV%20Shows/CSI%20NY/Season%201/CSI%20NY%20S01E14.m4v', '667', '344', 2, 14, 0),
(2872, 'CSI NY S01E15', 'file:///Volumes/2TB%20Drive/iTunes/TV%20Shows/CSI%20NY/Season%201/CSI%20NY%20S01E15.m4v', '667', '344', 2, 15, 0),
(2873, 'CSI NY S01E16', 'file:///Volumes/2TB%20Drive/iTunes/TV%20Shows/CSI%20NY/Season%201/CSI%20NY%20S01E16.m4v', '667', '344', 2, 16, 0),
(2874, 'CSI NY S01E17', 'file:///Volumes/2TB%20Drive/iTunes/TV%20Shows/CSI%20NY/Season%201/CSI%20NY%20S01E17.m4v', '667', '344', 2, 17, 0),
(2875, 'CSI NY S01E18', 'file:///Volumes/2TB%20Drive/iTunes/TV%20Shows/CSI%20NY/Season%201/CSI%20NY%20S01E18.m4v', '667', '344', 2, 18, 0),
(2876, 'CSI NY S01E19', 'file:///Volumes/2TB%20Drive/iTunes/TV%20Shows/CSI%20NY/Season%201/CSI%20NY%20S01E19.m4v', '667', '344', 2, 19, 0),
(2877, 'CSI NY S01E20', 'file:///Volumes/2TB%20Drive/iTunes/TV%20Shows/CSI%20NY/Season%201/CSI%20NY%20S01E20.m4v', '667', '344', 2, 20, 0),
(2878, 'CSI NY S01E21', 'file:///Volumes/2TB%20Drive/iTunes/TV%20Shows/CSI%20NY/Season%201/CSI%20NY%20S01E21.m4v', '667', '344', 2, 21, 0),
(2879, 'CSI NY S01E22', 'file:///Volumes/2TB%20Drive/iTunes/TV%20Shows/CSI%20NY/Season%201/CSI%20NY%20S01E22.m4v', '667', '344', 2, 22, 0),
(2880, 'CSI NY S01E23', 'file:///Volumes/2TB%20Drive/iTunes/TV%20Shows/CSI%20NY/Season%201/CSI%20NY%20S01E23.m4v', '667', '344', 2, 23, 0),
(2881, 'CSI NY S01E24', 'file:///Volumes/2TB%20Drive/iTunes/TV%20Shows/CSI%20NY/Season%201/CSI%20NY%20S01E24.m4v', '667', '344', 2, 24, 0),
(2882, 'Merlin S01E01', 'file:///Volumes/2TB%20Drive/iTunes/TV%20Shows/Merlin/Season%201/Merlin%20S01E01.m4v', '179', '967', 2, 1, 0),
(2883, 'Merlin S01E02', 'file:///Volumes/2TB%20Drive/iTunes/TV%20Shows/Merlin/Season%201/Merlin%20S01E02.m4v', '179', '967', 2, 2, 0),
(2884, 'Merlin S01E03', 'file:///Volumes/2TB%20Drive/iTunes/TV%20Shows/Merlin/Season%201/Merlin%20S01E03.m4v', '179', '967', 2, 3, 0),
(2885, 'Merlin S01E04', 'file:///Volumes/2TB%20Drive/iTunes/TV%20Shows/Merlin/Season%201/Merlin%20S01E04.m4v', '179', '967', 2, 4, 0),
(2886, 'Merlin S01E05', 'file:///Volumes/2TB%20Drive/iTunes/TV%20Shows/Merlin/Season%201/Merlin%20S01E05.m4v', '179', '967', 2, 5, 0),
(2887, 'Merlin S01E06', 'file:///Volumes/2TB%20Drive/iTunes/TV%20Shows/Merlin/Season%201/Merlin%20S01E06.m4v', '179', '967', 2, 6, 0),
(2888, 'Merlin S01E07', 'file:///Volumes/2TB%20Drive/iTunes/TV%20Shows/Merlin/Season%201/Merlin%20S01E07.m4v', '179', '967', 2, 7, 0),
(2889, 'Merlin S01E08', 'file:///Volumes/2TB%20Drive/iTunes/TV%20Shows/Merlin/Season%201/Merlin%20S01E08.m4v', '179', '967', 2, 8, 0),
(2890, 'Merlin S01E09', 'file:///Volumes/2TB%20Drive/iTunes/TV%20Shows/Merlin/Season%201/Merlin%20S01E09.m4v', '179', '967', 2, 9, 0),
(2891, 'Merlin S01E10', 'file:///Volumes/2TB%20Drive/iTunes/TV%20Shows/Merlin/Season%201/Merlin%20S01E10.m4v', '179', '967', 2, 10, 0),
(2892, 'Merlin S01E11', 'file:///Volumes/2TB%20Drive/iTunes/TV%20Shows/Merlin/Season%201/Merlin%20S01E11.m4v', '179', '967', 2, 11, 0),
(2893, 'Merlin S01E12', 'file:///Volumes/2TB%20Drive/iTunes/TV%20Shows/Merlin/Season%201/Merlin%20S01E12.m4v', '179', '967', 2, 12, 0),
(2894, 'Merlin S01E13', 'file:///Volumes/2TB%20Drive/iTunes/TV%20Shows/Merlin/Season%201/Merlin%20S01E13.m4v', '179', '967', 2, 13, 0),
(2896, 'Merlin 2x01', 'file:///Volumes/2TB%20Drive/iTunes/TV%20Shows/Merlin/Season%202/Merlin%202x01.mp4', '179', '967', 2, 1, 0),
(2897, 'Merlin 2x02', 'file:///Volumes/2TB%20Drive/iTunes/TV%20Shows/Merlin/Season%202/Merlin%202x02.mp4', '179', '967', 2, 2, 0),
(2898, 'Merlin 2x03', 'file:///Volumes/2TB%20Drive/iTunes/TV%20Shows/Merlin/Season%202/Merlin%202x03.mp4', '179', '967', 2, 3, 0),
(2899, 'Merlin 2x04', 'file:///Volumes/2TB%20Drive/iTunes/TV%20Shows/Merlin/Season%202/Merlin%202x04.mp4', '179', '967', 2, 4, 0),
(2900, 'Merlin 2x05', 'file:///Volumes/2TB%20Drive/iTunes/TV%20Shows/Merlin/Season%202/Merlin%202x05.mp4', '179', '967', 2, 5, 0),
(2901, 'Merlin 2x06', 'file:///Volumes/2TB%20Drive/iTunes/TV%20Shows/Merlin/Season%202/Merlin%202x06.mp4', '179', '967', 2, 6, 0),
(2902, 'Merlin 2x07', 'file:///Volumes/2TB%20Drive/iTunes/TV%20Shows/Merlin/Season%202/Merlin%202x07.mp4', '179', '967', 2, 7, 0),
(2903, 'Merlin 2x08', 'file:///Volumes/2TB%20Drive/iTunes/TV%20Shows/Merlin/Season%202/Merlin%202x08.mp4', '179', '967', 2, 8, 0),
(2904, 'Merlin 2x09', 'file:///Volumes/2TB%20Drive/iTunes/TV%20Shows/Merlin/Season%202/Merlin%202x09.mp4', '179', '967', 2, 9, 0),
(2905, 'Merlin 2x10', 'file:///Volumes/2TB%20Drive/iTunes/TV%20Shows/Merlin/Season%202/Merlin%202x10.mp4', '179', '967', 2, 10, 0),
(2906, 'Merlin 2x11', 'file:///Volumes/2TB%20Drive/iTunes/TV%20Shows/Merlin/Season%202/Merlin%202x11.mp4', '179', '967', 2, 11, 0),
(2907, 'Merlin 2x12', 'file:///Volumes/2TB%20Drive/iTunes/TV%20Shows/Merlin/Season%202/Merlin%202x12.mp4', '179', '967', 2, 12, 0),
(2908, 'Merlin 2x13', 'file:///Volumes/2TB%20Drive/iTunes/TV%20Shows/Merlin/Season%202/Merlin%202x13.mp4', '179', '967', 2, 13, 0),
(2910, 'CSI.S11E20', 'file:///Volumes/2TB%20Drive/iTunes/TV%20Shows/CSI/Season%2011/CSI.S11E20.m4v', '667', '582', 2, 20, 0),
(2911, 'CSI.S11E21', 'file:///Volumes/2TB%20Drive/iTunes/TV%20Shows/CSI/Season%2011/CSI.S11E21.m4v', '667', '582', 2, 21, 0),
(2912, 'CSI.S11E22', 'file:///Volumes/2TB%20Drive/iTunes/TV%20Shows/CSI/Season%2011/CSI.S11E22.m4v', '667', '582', 2, 22, 0),
(2913, 'Reignited', 'file:///Volumes/2TB%20Drive/iTunes/TV%20Shows/CSI%20NY/Season%209/Reignited.m4v', '667', '344', 2, 1, 0),
(2914, 'Where There''s Smoke...', 'file:///Volumes/2TB%20Drive/iTunes/TV%20Shows/CSI%20NY/Season%209/Where%20There''s%20Smoke....m4v', '667', '344', 2, 2, 0),
(2915, 'CSI.S11E19', 'file:///Volumes/2TB%20Drive/iTunes/TV%20Shows/CSI/Season%2011/CSI.S11E19.m4v', '667', '582', 2, 19, 0),
(2919, 'Grand Designs Abroad', 'file:///Volumes/2TB%20Drive/iTunes/TV%20Shows/Grand%20Designs%20Abroad/Season%201/Grand%20Designs%20Abroad.mp4', '0', '999', 2, 1, 0),
(2920, 'Grand Designs Abroad', 'file:///Volumes/2TB%20Drive/iTunes/TV%20Shows/Grand%20Designs%20Abroad/Season%201/Grand%20Designs%20Abroad%201.mp4', '0', '999', 2, 2, 0),
(2921, 'Grand Designs Abroad', 'file:///Volumes/2TB%20Drive/iTunes/TV%20Shows/Grand%20Designs%20Abroad/Season%201/Grand%20Designs%20Abroad%202.mp4', '0', '999', 2, 4, 0),
(2922, 'Grand Designs Abroad', 'file:///Volumes/2TB%20Drive/iTunes/TV%20Shows/Grand%20Designs%20Abroad/Season%201/Grand%20Designs%20Abroad%203.mp4', '0', '999', 2, 5, 0),
(2923, 'Grand Designs Abroad', 'file:///Volumes/2TB%20Drive/iTunes/TV%20Shows/Grand%20Designs%20Abroad/Season%201/Grand%20Designs%20Abroad%204.mp4', '0', '999', 2, 6, 0),
(2924, 'Grand Designs Abroad', 'file:///Volumes/2TB%20Drive/iTunes/TV%20Shows/Grand%20Designs%20Abroad/Season%201/Grand%20Designs%20Abroad%205.mp4', '0', '999', 2, 7, 0),
(2925, 'Grand Designs Abroad', 'file:///Volumes/2TB%20Drive/iTunes/TV%20Shows/Grand%20Designs%20Abroad/Season%201/Grand%20Designs%20Abroad%206.mp4', '0', '999', 2, 8, 0),
(2926, 'Grand Designs Abroad', 'file:///Volumes/2TB%20Drive/iTunes/TV%20Shows/Grand%20Designs%20Abroad/Season%201/Grand%20Designs%20Abroad%207.mp4', '0', '999', 2, 3, 0),
(2936, '27/12/2011', 'file:///Volumes/2TB%20Drive/iTunes/TV%20Shows/I''ve%20Never%20Seen%20Star%20Wars/27_12_2011.mp4', '3690', '1007', 2, 0, 0),
(2945, 'Pilot', 'file:///Volumes/2TB%20Drive/iTunes/TV%20Shows/The%20Big%20Bang%20Theory/Season%201/Pilot.m4v', '19', '1008', 2, 1, 0),
(2946, 'The Big Bran Hypothesis', 'file:///Volumes/2TB%20Drive/iTunes/TV%20Shows/The%20Big%20Bang%20Theory/Season%201/The%20Big%20Bran%20Hypothesis.m4v', '19', '1008', 2, 2, 0),
(2947, 'The Fuzzy Boots Corollary', 'file:///Volumes/2TB%20Drive/iTunes/TV%20Shows/The%20Big%20Bang%20Theory/Season%201/The%20Fuzzy%20Boots%20Corollary.m4v', '19', '1008', 2, 3, 0),
(2948, 'The Luminous Fish Effect', 'file:///Volumes/2TB%20Drive/iTunes/TV%20Shows/The%20Big%20Bang%20Theory/Season%201/The%20Luminous%20Fish%20Effect.m4v', '19', '1008', 2, 4, 0),
(2949, 'The Hamburger Postulate', 'file:///Volumes/2TB%20Drive/iTunes/TV%20Shows/The%20Big%20Bang%20Theory/Season%201/The%20Hamburger%20Postulate.m4v', '0', '1008', 2, 5, 0),
(2950, 'The Middle-Earth Paradigm', 'file:///Volumes/2TB%20Drive/iTunes/TV%20Shows/The%20Big%20Bang%20Theory/Season%201/The%20Middle-Earth%20Paradigm.m4v', '0', '1008', 2, 6, 0),
(2951, 'The Dumpling Paradox', 'file:///Volumes/2TB%20Drive/iTunes/TV%20Shows/The%20Big%20Bang%20Theory/Season%201/The%20Dumpling%20Paradox.m4v', '0', '1008', 2, 7, 0),
(2952, 'The Grasshopper Experiment', 'file:///Volumes/2TB%20Drive/iTunes/TV%20Shows/The%20Big%20Bang%20Theory/Season%201/The%20Grasshopper%20Experiment.m4v', '0', '1008', 2, 8, 0),
(2953, 'The Cooper-Hofstadter Polarization', 'file:///Volumes/2TB%20Drive/iTunes/TV%20Shows/The%20Big%20Bang%20Theory/Season%201/The%20Cooper-Hofstadter%20Polarization.m4v', '0', '1008', 2, 9, 0),
(2954, 'The Loobenfeld Decay', 'file:///Volumes/2TB%20Drive/iTunes/TV%20Shows/The%20Big%20Bang%20Theory/Season%201/The%20Loobenfeld%20Decay.m4v', '0', '1008', 2, 10, 0),
(2955, 'The Pancake Batter Anomaly', 'file:///Volumes/2TB%20Drive/iTunes/TV%20Shows/The%20Big%20Bang%20Theory/Season%201/The%20Pancake%20Batter%20Anomaly.m4v', '0', '1008', 2, 11, 0),
(2956, 'The Jerusalem Duality', 'file:///Volumes/2TB%20Drive/iTunes/TV%20Shows/The%20Big%20Bang%20Theory/Season%201/The%20Jerusalem%20Duality.m4v', '0', '1008', 2, 12, 0),
(2957, 'The Bat Jar Conjecture', 'file:///Volumes/2TB%20Drive/iTunes/TV%20Shows/The%20Big%20Bang%20Theory/Season%201/The%20Bat%20Jar%20Conjecture.m4v', '0', '1008', 2, 13, 0),
(2958, 'The Nerdvana Annihilation', 'file:///Volumes/2TB%20Drive/iTunes/TV%20Shows/The%20Big%20Bang%20Theory/Season%201/The%20Nerdvana%20Annihilation.m4v', '0', '1008', 2, 14, 0),
(2959, 'The Shiksa Indeterminacy', 'file:///Volumes/2TB%20Drive/iTunes/TV%20Shows/The%20Big%20Bang%20Theory/Season%201/The%20Shiksa%20Indeterminacy.m4v', '0', '1008', 2, 15, 0),
(2960, 'The Peanut Reaction', 'file:///Volumes/2TB%20Drive/iTunes/TV%20Shows/The%20Big%20Bang%20Theory/Season%201/The%20Peanut%20Reaction.m4v', '0', '1008', 2, 16, 0),
(2961, 'The Tangerine Factor', 'file:///Volumes/2TB%20Drive/iTunes/TV%20Shows/The%20Big%20Bang%20Theory/Season%201/The%20Tangerine%20Factor.m4v', '0', '1008', 2, 17, 0),
(2965, 'The Bad Fish Paradigm', 'file:///Volumes/2TB%20Drive/iTunes/TV%20Shows/The%20Big%20Bang%20Theory/Season%202/The%20Bad%20Fish%20Paradigm.m4v', '0', '1008', 2, 1, 0),
(2966, 'The Codpiece Topology', 'file:///Volumes/2TB%20Drive/iTunes/TV%20Shows/The%20Big%20Bang%20Theory/Season%202/The%20Codpiece%20Topology.m4v', '0', '1008', 2, 2, 0),
(2967, 'The Barbarian Sublimation', 'file:///Volumes/2TB%20Drive/iTunes/TV%20Shows/The%20Big%20Bang%20Theory/Season%202/The%20Barbarian%20Sublimation.m4v', '0', '1008', 2, 3, 0),
(2971, 'The Griffin Equivalency', 'file:///Volumes/2TB%20Drive/iTunes/TV%20Shows/The%20Big%20Bang%20Theory/Season%202/The%20Griffin%20Equivalency.m4v', '0', '1008', 2, 4, 0),
(2972, 'The Euclid Alternative', 'file:///Volumes/2TB%20Drive/iTunes/TV%20Shows/The%20Big%20Bang%20Theory/Season%202/The%20Euclid%20Alternative.m4v', '0', '1008', 2, 5, 0),
(2973, 'The Cooper-Nowitzki Theorem', 'file:///Volumes/2TB%20Drive/iTunes/TV%20Shows/The%20Big%20Bang%20Theory/Season%202/The%20Cooper-Nowitzki%20Theorem.m4v', '0', '1008', 2, 6, 0),
(2974, 'The Panty Pin?ata Polarization', 'file:///Volumes/2TB%20Drive/iTunes/TV%20Shows/The%20Big%20Bang%20Theory/Season%202/The%20Panty%20Pin%CC%83ata%20Polarization.m4v', '0', '1008', 2, 7, 0),
(2975, 'The Lizard-Spock Expansion', 'file:///Volumes/2TB%20Drive/iTunes/TV%20Shows/The%20Big%20Bang%20Theory/Season%202/The%20Lizard-Spock%20Expansion.m4v', '0', '1008', 2, 8, 0),
(2976, 'The White Asparagus Triangulation', 'file:///Volumes/2TB%20Drive/iTunes/TV%20Shows/The%20Big%20Bang%20Theory/Season%202/The%20White%20Asparagus%20Triangulation.m4v', '0', '1008', 2, 9, 0),
(2977, 'The Vartabedian Conundrum', 'file:///Volumes/2TB%20Drive/iTunes/TV%20Shows/The%20Big%20Bang%20Theory/Season%202/The%20Vartabedian%20Conundrum.m4v', '0', '1008', 2, 10, 0),
(2978, 'The Bath Item Gift Hypothesis', 'file:///Volumes/2TB%20Drive/iTunes/TV%20Shows/The%20Big%20Bang%20Theory/Season%202/The%20Bath%20Item%20Gift%20Hypothesis.m4v', '0', '1008', 2, 11, 0),
(2979, 'The Killer Robot Instability', 'file:///Volumes/2TB%20Drive/iTunes/TV%20Shows/The%20Big%20Bang%20Theory/Season%202/The%20Killer%20Robot%20Instability.m4v', '0', '1008', 2, 12, 0),
(2980, 'The Friendship Algorithm', 'file:///Volumes/2TB%20Drive/iTunes/TV%20Shows/The%20Big%20Bang%20Theory/Season%202/The%20Friendship%20Algorithm.m4v', '0', '1008', 2, 13, 0),
(2981, 'The Financial Permeability', 'file:///Volumes/2TB%20Drive/iTunes/TV%20Shows/The%20Big%20Bang%20Theory/Season%202/The%20Financial%20Permeability.m4v', '0', '1008', 2, 14, 0),
(2982, 'The Maternal Capacitance', 'file:///Volumes/2TB%20Drive/iTunes/TV%20Shows/The%20Big%20Bang%20Theory/Season%202/The%20Maternal%20Capacitance.m4v', '0', '1008', 2, 15, 0),
(2983, 'The Cushion Saturation', 'file:///Volumes/2TB%20Drive/iTunes/TV%20Shows/The%20Big%20Bang%20Theory/Season%202/The%20Cushion%20Saturation.m4v', '0', '1008', 2, 16, 0),
(2984, 'The Terminator Decoupling', 'file:///Volumes/2TB%20Drive/iTunes/TV%20Shows/The%20Big%20Bang%20Theory/Season%202/The%20Terminator%20Decoupling.m4v', '0', '1008', 2, 17, 0),
(2985, 'The Work Song Nanocluster', 'file:///Volumes/2TB%20Drive/iTunes/TV%20Shows/The%20Big%20Bang%20Theory/Season%202/The%20Work%20Song%20Nanocluster.m4v', '0', '1008', 2, 18, 0),
(2986, 'The Dead Hooker Juxtaposition', 'file:///Volumes/2TB%20Drive/iTunes/TV%20Shows/The%20Big%20Bang%20Theory/Season%202/The%20Dead%20Hooker%20Juxtaposition.m4v', '0', '1008', 2, 19, 0),
(2987, 'The Hofstadter Isotope', 'file:///Volumes/2TB%20Drive/iTunes/TV%20Shows/The%20Big%20Bang%20Theory/Season%202/The%20Hofstadter%20Isotope.m4v', '0', '1008', 2, 20, 0),
(2988, 'The Vegas Renormalization', 'file:///Volumes/2TB%20Drive/iTunes/TV%20Shows/The%20Big%20Bang%20Theory/Season%202/The%20Vegas%20Renormalization.m4v', '0', '1008', 2, 21, 0),
(2989, 'The Classified Materials Turbulence', 'file:///Volumes/2TB%20Drive/iTunes/TV%20Shows/The%20Big%20Bang%20Theory/Season%202/The%20Classified%20Materials%20Turbulence.m4v', '0', '1008', 2, 22, 0),
(2990, 'The Monopolar Expedition', 'file:///Volumes/2TB%20Drive/iTunes/TV%20Shows/The%20Big%20Bang%20Theory/Season%202/The%20Monopolar%20Expedition.m4v', '0', '1008', 2, 23, 0),
(2992, 'The Electric Can Opener Fluctuation', 'file:///Volumes/2TB%20Drive/iTunes/TV%20Shows/The%20Big%20Bang%20Theory/Season%203/The%20Electric%20Can%20Opener%20Fluctuation.m4v', '19', '1008', 2, 1, 0),
(2993, 'The Jiminy Conjecture', 'file:///Volumes/2TB%20Drive/iTunes/TV%20Shows/The%20Big%20Bang%20Theory/Season%203/The%20Jiminy%20Conjecture.m4v', '19', '1008', 2, 2, 0),
(2994, 'The Gothowitz Deviation', 'file:///Volumes/2TB%20Drive/iTunes/TV%20Shows/The%20Big%20Bang%20Theory/Season%203/The%20Gothowitz%20Deviation.m4v', '19', '1008', 2, 3, 0),
(2995, 'The Pirate Solution', 'file:///Volumes/2TB%20Drive/iTunes/TV%20Shows/The%20Big%20Bang%20Theory/Season%203/The%20Pirate%20Solution.m4v', '19', '1008', 2, 4, 0),
(2996, 'The Creepy Candy Coating Corollary', 'file:///Volumes/2TB%20Drive/iTunes/TV%20Shows/The%20Big%20Bang%20Theory/Season%203/The%20Creepy%20Candy%20Coating%20Corollary.m4v', '19', '1008', 2, 5, 0),
(2997, 'The Cornhusker Vortex', 'file:///Volumes/2TB%20Drive/iTunes/TV%20Shows/The%20Big%20Bang%20Theory/Season%203/The%20Cornhusker%20Vortex.m4v', '19', '1008', 2, 6, 0),
(2998, 'The Guitarist Amplification', 'file:///Volumes/2TB%20Drive/iTunes/TV%20Shows/The%20Big%20Bang%20Theory/Season%203/The%20Guitarist%20Amplification.m4v', '19', '1008', 2, 7, 0),
(2999, 'The Adhesive Duck Deficiency', 'file:///Volumes/2TB%20Drive/iTunes/TV%20Shows/The%20Big%20Bang%20Theory/Season%203/The%20Adhesive%20Duck%20Deficiency.m4v', '19', '1008', 2, 8, 0),
(3000, 'The Vengeance Formulation', 'file:///Volumes/2TB%20Drive/iTunes/TV%20Shows/The%20Big%20Bang%20Theory/Season%203/The%20Vengeance%20Formulation.m4v', '19', '1008', 2, 9, 0),
(3001, 'The Gorilla Experiment', 'file:///Volumes/2TB%20Drive/iTunes/TV%20Shows/The%20Big%20Bang%20Theory/Season%203/The%20Gorilla%20Experiment.m4v', '19', '1008', 2, 10, 0),
(3002, 'The Maternal Congruence', 'file:///Volumes/2TB%20Drive/iTunes/TV%20Shows/The%20Big%20Bang%20Theory/Season%203/The%20Maternal%20Congruence.m4v', '19', '1008', 2, 11, 0),
(3003, 'The Psychic Vortex', 'file:///Volumes/2TB%20Drive/iTunes/TV%20Shows/The%20Big%20Bang%20Theory/Season%203/The%20Psychic%20Vortex.m4v', '19', '1008', 2, 12, 0),
(3004, 'The Bozeman Reaction', 'file:///Volumes/2TB%20Drive/iTunes/TV%20Shows/The%20Big%20Bang%20Theory/Season%203/The%20Bozeman%20Reaction.m4v', '19', '1008', 2, 13, 0),
(3005, 'The Einstein Approximation', 'file:///Volumes/2TB%20Drive/iTunes/TV%20Shows/The%20Big%20Bang%20Theory/Season%203/The%20Einstein%20Approximation.m4v', '19', '1008', 2, 14, 0),
(3006, 'The Large Hadron Collision', 'file:///Volumes/2TB%20Drive/iTunes/TV%20Shows/The%20Big%20Bang%20Theory/Season%203/The%20Large%20Hadron%20Collision.m4v', '19', '1008', 2, 15, 0),
(3007, 'The Excelsior Acquisituion', 'file:///Volumes/2TB%20Drive/iTunes/TV%20Shows/The%20Big%20Bang%20Theory/Season%203/The%20Excelsior%20Acquisituion.m4v', '19', '1008', 2, 16, 0),
(3008, 'The Precious Fragmentation', 'file:///Volumes/2TB%20Drive/iTunes/TV%20Shows/The%20Big%20Bang%20Theory/Season%203/The%20Precious%20Fragmentation.m4v', '19', '1008', 2, 17, 0),
(3009, 'The Pants Alternative', 'file:///Volumes/2TB%20Drive/iTunes/TV%20Shows/The%20Big%20Bang%20Theory/Season%203/The%20Pants%20Alternative.m4v', '19', '1008', 2, 18, 0),
(3010, 'The Wheaton Recurrence', 'file:///Volumes/2TB%20Drive/iTunes/TV%20Shows/The%20Big%20Bang%20Theory/Season%203/The%20Wheaton%20Recurrence.m4v', '19', '1008', 2, 19, 0),
(3011, 'The Spaghetti Catalyst', 'file:///Volumes/2TB%20Drive/iTunes/TV%20Shows/The%20Big%20Bang%20Theory/Season%203/The%20Spaghetti%20Catalyst.m4v', '19', '1008', 2, 20, 0),
(3012, 'The Plimpton Stimulation', 'file:///Volumes/2TB%20Drive/iTunes/TV%20Shows/The%20Big%20Bang%20Theory/Season%203/The%20Plimpton%20Stimulation.m4v', '19', '1008', 2, 21, 0),
(3013, 'The Staircase Implementation', 'file:///Volumes/2TB%20Drive/iTunes/TV%20Shows/The%20Big%20Bang%20Theory/Season%203/The%20Staircase%20Implementation.m4v', '19', '1008', 2, 22, 0),
(3014, 'The Lunar Excitation', 'file:///Volumes/2TB%20Drive/iTunes/TV%20Shows/The%20Big%20Bang%20Theory/Season%203/The%20Lunar%20Excitation.m4v', '19', '1008', 2, 23, 0),
(3015, 'The Tears Of Uther Pendragon Part One', 'file:///Volumes/2TB%20Drive/iTunes/TV%20Shows/Merlin/Season%203/The%20Tears%20Of%20Uther%20Pendragon%20Part%20One.m4v', '179', '967', 2, 1, 0),
(3016, 'The Tears Of Uther Pendragon Part Two', 'file:///Volumes/2TB%20Drive/iTunes/TV%20Shows/Merlin/Season%203/The%20Tears%20Of%20Uther%20Pendragon%20Part%20Two.m4v', '179', '967', 2, 2, 0),
(3017, 'Goblin''s Gold', 'file:///Volumes/2TB%20Drive/iTunes/TV%20Shows/Merlin/Season%203/Goblin''s%20Gold.m4v', '179', '967', 2, 3, 0),
(3018, 'Gwaine', 'file:///Volumes/2TB%20Drive/iTunes/TV%20Shows/Merlin/Season%203/Gwaine.m4v', '179', '967', 2, 4, 0),
(3019, 'The Crystal Cave', 'file:///Volumes/2TB%20Drive/iTunes/TV%20Shows/Merlin/Season%203/The%20Crystal%20Cave.m4v', '179', '967', 2, 5, 0),
(3020, 'The Changeling', 'file:///Volumes/2TB%20Drive/iTunes/TV%20Shows/Merlin/Season%203/The%20Changeling.m4v', '179', '967', 2, 6, 0),
(3021, 'The Castle Of Fyrien', 'file:///Volumes/2TB%20Drive/iTunes/TV%20Shows/Merlin/Season%203/The%20Castle%20Of%20Fyrien.m4v', '179', '967', 2, 7, 0),
(3022, 'The Eye Of The Phoenix', 'file:///Volumes/2TB%20Drive/iTunes/TV%20Shows/Merlin/Season%203/The%20Eye%20Of%20The%20Phoenix.m4v', '179', '967', 2, 8, 0),
(3023, 'Love In The Time Of Dragons', 'file:///Volumes/2TB%20Drive/iTunes/TV%20Shows/Merlin/Season%203/Love%20In%20The%20Time%20Of%20Dragons.m4v', '179', '967', 2, 9, 0),
(3024, 'Queen Of Hearts', 'file:///Volumes/2TB%20Drive/iTunes/TV%20Shows/Merlin/Season%203/Queen%20Of%20Hearts.m4v', '179', '967', 2, 10, 0),
(3025, 'The Sorcerers Shadow', 'file:///Volumes/2TB%20Drive/iTunes/TV%20Shows/Merlin/Season%203/The%20Sorcerers%20Shadow.m4v', '179', '967', 2, 11, 0),
(3026, 'The Coming Of Arthur Part One', 'file:///Volumes/2TB%20Drive/iTunes/TV%20Shows/Merlin/Season%203/The%20Coming%20Of%20Arthur%20Part%20One.m4v', '179', '967', 2, 12, 0),
(3027, 'The Coming Of Arthur Part One', 'file:///Volumes/2TB%20Drive/iTunes/TV%20Shows/Merlin/Season%203/The%20Coming%20Of%20Arthur%20Part%20One%202.m4v', '179', '967', 2, 13, 0),
(3028, 'The Robotic Manipulation', 'file:///Volumes/2TB%20Drive/iTunes/TV%20Shows/The%20Big%20Bang%20Theory/Season%204/The%20Robotic%20Manipulation.m4v', '0', '1008', 2, 1, 0),
(3029, 'The Cruciferous Vegetable Amplification', 'file:///Volumes/2TB%20Drive/iTunes/TV%20Shows/The%20Cruciferous%20Vegetable%20Amplification.m4v', '0', '1008', 2, 2, 0),
(3030, 'The Zazzy Substitution', 'file:///Volumes/2TB%20Drive/iTunes/TV%20Shows/The%20Zazzy%20Substitution.m4v', '0', '1008', 2, 3, 0),
(3031, 'The Hot Troll Deviation', 'file:///Volumes/2TB%20Drive/iTunes/TV%20Shows/The%20Hot%20Troll%20Deviation.m4v', '0', '1008', 2, 4, 0),
(3032, 'The Desperation Emanation', 'file:///Volumes/2TB%20Drive/iTunes/TV%20Shows/The%20Desperation%20Emanation.m4v', '0', '1008', 2, 5, 0),
(3033, 'The Irish Pub Formulation', 'file:///Volumes/2TB%20Drive/iTunes/TV%20Shows/The%20Irish%20Pub%20Formulation.m4v', '0', '1008', 2, 6, 0),
(3034, 'The Apology Insufficiency', 'file:///Volumes/2TB%20Drive/iTunes/TV%20Shows/The%20Apology%20Insufficiency.m4v', '0', '1008', 2, 7, 0),
(3035, 'The 21-second Excitation', 'file:///Volumes/2TB%20Drive/iTunes/TV%20Shows/The%2021-second%20Excitation.m4v', '0', '1008', 2, 8, 0),
(3036, 'The Boyfriend Complexity', 'file:///Volumes/2TB%20Drive/iTunes/TV%20Shows/The%20Boyfriend%20Complexity.m4v', '0', '1008', 2, 9, 0),
(3037, 'The Alien Parasite Hypothesis', 'file:///Volumes/2TB%20Drive/iTunes/TV%20Shows/The%20Alien%20Parasite%20Hypothesis.m4v', '0', '1008', 2, 10, 0),
(3038, 'The Justice League Recombination', 'file:///Volumes/2TB%20Drive/iTunes/TV%20Shows/The%20Justice%20League%20Recombination.m4v', '0', '1008', 2, 11, 0);
INSERT INTO `main` (`id`, `title`, `path`, `genre`, `group`, `type`, `series_num`, `tv_season`) VALUES
(3039, 'The Bus Pants Utilization', 'file:///Volumes/2TB%20Drive/iTunes/TV%20Shows/The%20Big%20Bang%20Theory/Season%204/The%20Bus%20Pants%20Utilization.m4v', '0', '1008', 2, 12, 0),
(3040, 'The Love Car Displacement', 'file:///Volumes/2TB%20Drive/iTunes/TV%20Shows/The%20Big%20Bang%20Theory/Season%204/The%20Love%20Car%20Displacement.m4v', '0', '1008', 2, 13, 0),
(3041, 'The Thespian Catalyst', 'file:///Volumes/2TB%20Drive/iTunes/TV%20Shows/The%20Big%20Bang%20Theory/Season%204/The%20Thespian%20Catalyst.m4v', '0', '1008', 2, 14, 0),
(3042, 'The Benefactor Factor', 'file:///Volumes/2TB%20Drive/iTunes/TV%20Shows/The%20Big%20Bang%20Theory/Season%204/The%20Benefactor%20Factor.m4v', '0', '1008', 2, 15, 0),
(3043, 'The Cohabitation Formulation', 'file:///Volumes/2TB%20Drive/iTunes/TV%20Shows/The%20Big%20Bang%20Theory/Season%204/The%20Cohabitation%20Formulation.m4v', '0', '1008', 2, 16, 0),
(3044, 'The Toast Derivation', 'file:///Volumes/2TB%20Drive/iTunes/TV%20Shows/The%20Big%20Bang%20Theory/Season%204/The%20Toast%20Derivation.m4v', '0', '1008', 2, 17, 0),
(3045, 'The Prestidigitation Approximation', 'file:///Volumes/2TB%20Drive/iTunes/TV%20Shows/The%20Big%20Bang%20Theory/Season%204/The%20Prestidigitation%20Approximation.m4v', '0', '1008', 2, 18, 0),
(3046, 'The Zarnecki Incursion', 'file:///Volumes/2TB%20Drive/iTunes/TV%20Shows/The%20Big%20Bang%20Theory/Season%204/The%20Zarnecki%20Incursion.m4v', '0', '1008', 2, 19, 0),
(3047, 'The Herb Garden Germination', 'file:///Volumes/2TB%20Drive/iTunes/TV%20Shows/The%20Big%20Bang%20Theory/Season%204/The%20Herb%20Garden%20Germination.m4v', '0', '1008', 2, 20, 0),
(3048, 'The Agreement Dissection', 'file:///Volumes/2TB%20Drive/iTunes/TV%20Shows/The%20Big%20Bang%20Theory/Season%204/The%20Agreement%20Dissection.m4v', '0', '1008', 2, 21, 0),
(3049, 'The Wildebeest Implementation', 'file:///Volumes/2TB%20Drive/iTunes/TV%20Shows/The%20Big%20Bang%20Theory/Season%204/The%20Wildebeest%20Implementation.m4v', '0', '1008', 2, 22, 0),
(3050, 'The Engagement Reaction', 'file:///Volumes/2TB%20Drive/iTunes/TV%20Shows/The%20Big%20Bang%20Theory/Season%204/The%20Engagement%20Reaction.m4v', '0', '1008', 2, 23, 0),
(3051, 'The Roommate Transmogrification', 'file:///Volumes/2TB%20Drive/iTunes/TV%20Shows/The%20Big%20Bang%20Theory/Season%204/The%20Roommate%20Transmogrification.m4v', '0', '1008', 2, 24, 0),
(3052, 'CSI_S12_01', 'file:///Volumes/2TB%20Drive/iTunes/TV%20Shows/CSI_S12_01.m4v', '0', '582', 2, 1, 0),
(3053, 'CSI_S12_02', 'file:///Volumes/2TB%20Drive/iTunes/TV%20Shows/CSI_S12_02.m4v', '0', '582', 2, 2, 0),
(3054, 'CSI_S12_03', 'file:///Volumes/2TB%20Drive/iTunes/TV%20Shows/CSI_S12_03.m4v', '0', '582', 2, 3, 0),
(3055, 'CSI_S12_04', 'file:///Volumes/2TB%20Drive/iTunes/TV%20Shows/CSI_S12_04.m4v', '0', '582', 2, 4, 0),
(3056, 'CSI_S12_05', 'file:///Volumes/2TB%20Drive/iTunes/TV%20Shows/CSI_S12_05.m4v', '0', '582', 2, 5, 0),
(3057, 'CSI_S12_06', 'file:///Volumes/2TB%20Drive/iTunes/TV%20Shows/CSI/Season%2012/CSI_S12_06.m4v', '0', '582', 2, 6, 0),
(3058, 'CSI_S12_07', 'file:///Volumes/2TB%20Drive/iTunes/TV%20Shows/CSI/Season%2012/CSI_S12_07.m4v', '0', '582', 2, 7, 0),
(3059, 'CSI_S12_08', 'file:///Volumes/2TB%20Drive/iTunes/TV%20Shows/CSI/Season%2012/CSI_S12_08.m4v', '0', '582', 2, 8, 0),
(3060, 'CSI_S12_09', 'file:///Volumes/2TB%20Drive/iTunes/TV%20Shows/CSI/Season%2012/CSI_S12_09.m4v', '0', '582', 2, 9, 0),
(3061, 'CSI_S12_10', 'file:///Volumes/2TB%20Drive/iTunes/TV%20Shows/CSI/Season%2012/CSI_S12_10.m4v', '0', '582', 2, 10, 0),
(3062, 'CSI_S12_11', 'file:///Volumes/2TB%20Drive/iTunes/TV%20Shows/CSI/Season%2012/CSI_S12_11.m4v', '0', '582', 2, 11, 0),
(3063, 'CSI_S12_12', 'file:///Volumes/2TB%20Drive/iTunes/TV%20Shows/CSI/Season%2012/CSI_S12_12.m4v', '0', '582', 2, 12, 0),
(3064, 'CSI_S12_13', 'file:///Volumes/2TB%20Drive/iTunes/TV%20Shows/CSI/Season%2012/CSI_S12_13.m4v', '0', '582', 2, 13, 0),
(3065, 'CSI_S12_14', 'file:///Volumes/2TB%20Drive/iTunes/TV%20Shows/CSI/Season%2012/CSI_S12_14.m4v', '0', '582', 2, 14, 0),
(3066, 'CSI_S12_15', 'file:///Volumes/2TB%20Drive/iTunes/TV%20Shows/CSI/Season%2012/CSI_S12_15.m4v', '0', '582', 2, 15, 0),
(3067, 'CSI_S12_16', 'file:///Volumes/2TB%20Drive/iTunes/TV%20Shows/CSI/Season%2012/CSI_S12_16.m4v', '0', '582', 2, 16, 0),
(3068, 'CSI_S12_17', 'file:///Volumes/2TB%20Drive/iTunes/TV%20Shows/CSI/Season%2012/CSI_S12_17.m4v', '0', '582', 2, 17, 0),
(3069, 'CSI_S12_18', 'file:///Volumes/2TB%20Drive/iTunes/TV%20Shows/CSI/Season%2012/CSI_S12_18.m4v', '0', '582', 2, 18, 0),
(3070, 'CSI_S12_19', 'file:///Volumes/2TB%20Drive/iTunes/TV%20Shows/CSI/Season%2012/CSI_S12_19.m4v', '0', '582', 2, 19, 0),
(3071, 'CSI_S12_20', 'file:///Volumes/2TB%20Drive/iTunes/TV%20Shows/CSI/Season%2012/CSI_S12_20.m4v', '0', '582', 2, 20, 0),
(3072, 'CSI_S12_21', 'file:///Volumes/2TB%20Drive/iTunes/TV%20Shows/CSI/Season%2012/CSI_S12_21.m4v', '0', '582', 2, 21, 0),
(3073, 'CSI_S12_22', 'file:///Volumes/2TB%20Drive/iTunes/TV%20Shows/CSI/Season%2012/CSI_S12_22.m4v', '0', '582', 2, 22, 0),
(3075, 'Greys Anatomy S08 E01 & E02', 'file:///Volumes/2TB%20Drive/iTunes/TV%20Shows/Greys%20Anatomy/Season%208/Greys%20Anatomy%20S08%20E01%20&%20E02.m4v', '0', '1130', 2, 1, 0),
(3076, 'Greys Anatomy S08 E03', 'file:///Volumes/2TB%20Drive/iTunes/TV%20Shows/Greys%20Anatomy/Season%208/Greys%20Anatomy%20S08%20E03.m4v', '0', '1130', 2, 3, 0),
(3077, 'Greys Anatomy S08 E04', 'file:///Volumes/2TB%20Drive/iTunes/TV%20Shows/Greys%20Anatomy/Season%208/Greys%20Anatomy%20S08%20E04.m4v', '0', '1130', 2, 4, 0),
(3078, 'Greys Anatomy S08 E05', 'file:///Volumes/2TB%20Drive/iTunes/TV%20Shows/Greys%20Anatomy/Season%208/Greys%20Anatomy%20S08%20E05.m4v', '0', '1130', 2, 5, 0),
(3079, 'Greys Anatomy S08 E06', 'file:///Volumes/2TB%20Drive/iTunes/TV%20Shows/Greys%20Anatomy/Season%208/Greys%20Anatomy%20S08%20E06.m4v', '0', '1130', 2, 6, 0),
(3080, 'Greys Anatomy S08 E07', 'file:///Volumes/2TB%20Drive/iTunes/TV%20Shows/Greys%20Anatomy/Season%208/Greys%20Anatomy%20S08%20E07.m4v', '0', '1130', 2, 7, 0),
(3081, 'Greys Anatomy S08 E08', 'file:///Volumes/2TB%20Drive/iTunes/TV%20Shows/Greys%20Anatomy/Season%208/Greys%20Anatomy%20S08%20E08.m4v', '0', '1130', 2, 8, 0),
(3082, 'Greys Anatomy S08 E09', 'file:///Volumes/2TB%20Drive/iTunes/TV%20Shows/Greys%20Anatomy/Season%208/Greys%20Anatomy%20S08%20E09.m4v', '0', '1130', 2, 9, 0),
(3083, 'Greys Anatomy S08 E10', 'file:///Volumes/2TB%20Drive/iTunes/TV%20Shows/Greys%20Anatomy/Season%208/Greys%20Anatomy%20S08%20E10.m4v', '0', '1130', 2, 10, 0),
(3084, 'Greys Anatomy S08 E11', 'file:///Volumes/2TB%20Drive/iTunes/TV%20Shows/Greys%20Anatomy/Season%208/Greys%20Anatomy%20S08%20E11.m4v', '0', '1130', 2, 11, 0),
(3085, 'Greys Anatomy S08 E12', 'file:///Volumes/2TB%20Drive/iTunes/TV%20Shows/Greys%20Anatomy/Season%208/Greys%20Anatomy%20S08%20E12.m4v', '0', '1130', 2, 12, 0),
(3086, 'Greys Anatomy S08 E13', 'file:///Volumes/2TB%20Drive/iTunes/TV%20Shows/Greys%20Anatomy/Season%208/Greys%20Anatomy%20S08%20E13.m4v', '0', '1130', 2, 13, 0),
(3087, 'Greys Anatomy S08 E14', 'file:///Volumes/2TB%20Drive/iTunes/TV%20Shows/Greys%20Anatomy/Season%208/Greys%20Anatomy%20S08%20E14.m4v', '0', '1130', 2, 14, 0),
(3088, 'Greys Anatomy S08 E15', 'file:///Volumes/2TB%20Drive/iTunes/TV%20Shows/Greys%20Anatomy/Season%208/Greys%20Anatomy%20S08%20E15.m4v', '0', '1130', 2, 15, 0),
(3089, 'Greys Anatomy S08 E16', 'file:///Volumes/2TB%20Drive/iTunes/TV%20Shows/Greys%20Anatomy/Season%208/Greys%20Anatomy%20S08%20E16.m4v', '0', '1130', 2, 16, 0),
(3090, 'Greys Anatomy S08 E17', 'file:///Volumes/2TB%20Drive/iTunes/TV%20Shows/Greys%20Anatomy/Season%208/Greys%20Anatomy%20S08%20E17.m4v', '0', '1130', 2, 17, 0),
(3091, 'Greys Anatomy S08 E18', 'file:///Volumes/2TB%20Drive/iTunes/TV%20Shows/Greys%20Anatomy/Season%208/Greys%20Anatomy%20S08%20E18.m4v', '0', '1130', 2, 18, 0),
(3092, 'Greys Anatomy S08 E19', 'file:///Volumes/2TB%20Drive/iTunes/TV%20Shows/Greys%20Anatomy/Season%208/Greys%20Anatomy%20S08%20E19.m4v', '0', '1130', 2, 19, 0),
(3093, 'Greys Anatomy S08 E20', 'file:///Volumes/2TB%20Drive/iTunes/TV%20Shows/Greys%20Anatomy/Season%208/Greys%20Anatomy%20S08%20E20.m4v', '0', '1130', 2, 20, 0),
(3094, 'Greys Anatomy S08 E21', 'file:///Volumes/2TB%20Drive/iTunes/TV%20Shows/Greys%20Anatomy/Season%208/Greys%20Anatomy%20S08%20E21.m4v', '0', '1130', 2, 21, 0),
(3095, 'Greys Anatomy S08 E22', 'file:///Volumes/2TB%20Drive/iTunes/TV%20Shows/Greys%20Anatomy/Season%208/Greys%20Anatomy%20S08%20E22.m4v', '0', '1130', 2, 22, 0),
(3096, 'Greys Anatomy S08 E23', 'file:///Volumes/2TB%20Drive/iTunes/TV%20Shows/Greys%20Anatomy/Season%208/Greys%20Anatomy%20S08%20E23.m4v', '0', '1130', 2, 23, 0),
(3097, 'Greys Anatomy S08 E24', 'file:///Volumes/2TB%20Drive/iTunes/TV%20Shows/Greys%20Anatomy/Season%208/Greys%20Anatomy%20S08%20E24.m4v', '0', '1130', 2, 24, 0),
(3098, 'Merlin.S04E01', 'file:///Volumes/2TB%20Drive/iTunes/TV%20Shows/Merlin/Season%204/Merlin.S04E01.m4v', '0', '967', 2, 1, 0),
(3099, 'Merlin.S04E02', 'file:///Volumes/2TB%20Drive/iTunes/TV%20Shows/Merlin/Season%204/Merlin.S04E02.m4v', '0', '967', 2, 2, 0),
(3100, 'Merlin.S04E03', 'file:///Volumes/2TB%20Drive/iTunes/TV%20Shows/Merlin/Season%204/Merlin.S04E03.m4v', '0', '967', 2, 3, 0),
(3101, 'Merlin.S04E04', 'file:///Volumes/2TB%20Drive/iTunes/TV%20Shows/Merlin/Season%204/Merlin.S04E04.m4v', '0', '967', 2, 4, 0),
(3102, 'Merlin.S04E05', 'file:///Volumes/2TB%20Drive/iTunes/TV%20Shows/Merlin/Season%204/Merlin.S04E05.m4v', '0', '967', 2, 5, 0),
(3103, 'Merlin.S04E06', 'file:///Volumes/2TB%20Drive/iTunes/TV%20Shows/Merlin/Season%204/Merlin.S04E06.m4v', '0', '967', 2, 6, 0),
(3104, 'Merlin.S04E07', 'file:///Volumes/2TB%20Drive/iTunes/TV%20Shows/Merlin/Season%204/Merlin.S04E07.m4v', '0', '967', 2, 7, 0),
(3105, 'Merlin.S04E08', 'file:///Volumes/2TB%20Drive/iTunes/TV%20Shows/Merlin/Season%204/Merlin.S04E08.m4v', '0', '967', 2, 8, 0),
(3106, 'Merlin.S04E09', 'file:///Volumes/2TB%20Drive/iTunes/TV%20Shows/Merlin/Season%204/Merlin.S04E09.m4v', '0', '967', 2, 9, 0),
(3107, 'Merlin.S04E10', 'file:///Volumes/2TB%20Drive/iTunes/TV%20Shows/Merlin/Season%204/Merlin.S04E10.m4v', '0', '967', 2, 10, 0),
(3108, 'Merlin.S04E11', 'file:///Volumes/2TB%20Drive/iTunes/TV%20Shows/Merlin/Season%204/Merlin.S04E11.m4v', '0', '967', 2, 11, 0),
(3109, 'Merlin.S04E12', 'file:///Volumes/2TB%20Drive/iTunes/TV%20Shows/Merlin/Season%204/Merlin.S04E12.m4v', '0', '967', 2, 12, 0),
(3110, 'Merlin.S04E13', 'file:///Volumes/2TB%20Drive/iTunes/TV%20Shows/Merlin/Season%204/Merlin.S04E13.m4v', '0', '967', 2, 13, 0),
(3111, 'The.Big.Bang.Theory.S05E01', 'file:///Volumes/2TB%20Drive/iTunes/TV%20Shows/The%20Big%20Bang%20Theory/Season%205/The.Big.Bang.Theory.S05E01.m4v', '0', '1008', 2, 1, 0),
(3112, 'The.Big.Bang.Theory.S05E03', 'file:///Volumes/2TB%20Drive/iTunes/TV%20Shows/The%20Big%20Bang%20Theory/Season%205/The.Big.Bang.Theory.S05E03.m4v', '0', '1008', 2, 3, 0),
(3113, 'The.Big.Bang.Theory.S05E04.The.Wiggly.Finger.Catalyst', 'file:///Volumes/2TB%20Drive/iTunes/TV%20Shows/The%20Big%20Bang%20Theory/Season%205/The.Big.Bang.Theory.S05E04.The.Wiggly.Finger.Catalyst.m4v', '0', '1008', 2, 4, 0),
(3114, 'The.Big.Bang.Theory.S05E05.The.Russian.Rocket.Reaction', 'file:///Volumes/2TB%20Drive/iTunes/TV%20Shows/The%20Big%20Bang%20Theory/Season%205/The.Big.Bang.Theory.S05E05.The.Russian.Rocket.Reaction.m4v', '0', '1008', 2, 5, 0),
(3115, 'The.Big.Bang.Theory.S05E06', 'file:///Volumes/2TB%20Drive/iTunes/TV%20Shows/The%20Big%20Bang%20Theory/Season%205/The.Big.Bang.Theory.S05E06.m4v', '0', '1008', 2, 6, 0),
(3116, 'The.Big.Bang.Theory.S05E07', 'file:///Volumes/2TB%20Drive/iTunes/TV%20Shows/The%20Big%20Bang%20Theory/Season%205/The.Big.Bang.Theory.S05E07.m4v', '0', '1008', 2, 7, 0),
(3117, 'The.Big.Bang.Theory.S05E08', 'file:///Volumes/2TB%20Drive/iTunes/TV%20Shows/The%20Big%20Bang%20Theory/Season%205/The.Big.Bang.Theory.S05E08.m4v', '0', '1008', 2, 8, 0),
(3118, 'The.Big.Bang.Theory.S05E09.The.Ornithophobia.Diffusion', 'file:///Volumes/2TB%20Drive/iTunes/TV%20Shows/The%20Big%20Bang%20Theory/Season%205/The.Big.Bang.Theory.S05E09.The.Ornithophobia.Diffusion.m4v', '0', '1008', 2, 9, 0),
(3119, 'The.Big.Bang.Theory.S05E10', 'file:///Volumes/2TB%20Drive/iTunes/TV%20Shows/The%20Big%20Bang%20Theory/Season%205/The.Big.Bang.Theory.S05E10.m4v', '0', '1008', 2, 10, 0),
(3120, 'The.Big.Bang.Theory.S05E11', 'file:///Volumes/2TB%20Drive/iTunes/TV%20Shows/The%20Big%20Bang%20Theory/Season%205/The.Big.Bang.Theory.S05E11.m4v', '0', '1008', 2, 11, 0),
(3121, 'The.Big.Bang.Theory.S05E12', 'file:///Volumes/2TB%20Drive/iTunes/TV%20Shows/The%20Big%20Bang%20Theory/Season%205/The.Big.Bang.Theory.S05E12.m4v', '0', '1008', 2, 12, 0),
(3122, 'The.Big.Bang.Theory.S05E13.The.Recombination.Hypothesis.PROPER', 'file:///Volumes/2TB%20Drive/iTunes/TV%20Shows/The%20Big%20Bang%20Theory/Season%205/The.Big.Bang.Theory.S05E13.The.Recombination.Hypothesis.PROPER.m4v', '0', '1008', 2, 13, 0),
(3123, 'The.Big.Bang.Theory.S05E14', 'file:///Volumes/2TB%20Drive/iTunes/TV%20Shows/The%20Big%20Bang%20Theory/Season%205/The.Big.Bang.Theory.S05E14.m4v', '0', '1008', 2, 14, 0),
(3124, 'The.Big.Bang.Theory.S05E15', 'file:///Volumes/2TB%20Drive/iTunes/TV%20Shows/The%20Big%20Bang%20Theory/Season%205/The.Big.Bang.Theory.S05E15.m4v', '0', '1008', 2, 15, 0),
(3125, 'The.Big.Bang.Theory.S05E16', 'file:///Volumes/2TB%20Drive/iTunes/TV%20Shows/The%20Big%20Bang%20Theory/Season%205/The.Big.Bang.Theory.S05E16.m4v', '0', '1008', 2, 16, 0),
(3126, 'The.Big.Bang.Theory.S05E17', 'file:///Volumes/2TB%20Drive/iTunes/TV%20Shows/The%20Big%20Bang%20Theory/Season%205/The.Big.Bang.Theory.S05E17.m4v', '0', '1008', 2, 17, 0),
(3127, 'The.Big.Bang.Theory.S05E18', 'file:///Volumes/2TB%20Drive/iTunes/TV%20Shows/The%20Big%20Bang%20Theory/Season%205/The.Big.Bang.Theory.S05E18.m4v', '0', '1008', 2, 18, 0),
(3128, 'The.Big.Bang.Theory.S05E19', 'file:///Volumes/2TB%20Drive/iTunes/TV%20Shows/The%20Big%20Bang%20Theory/Season%205/The.Big.Bang.Theory.S05E19.m4v', '0', '1008', 2, 19, 0),
(3129, 'The.Big.Bang.Theory.S05E20', 'file:///Volumes/2TB%20Drive/iTunes/TV%20Shows/The%20Big%20Bang%20Theory/Season%205/The.Big.Bang.Theory.S05E20.m4v', '0', '1008', 2, 20, 0),
(3130, 'The.Big.Bang.Theory.S05E21', 'file:///Volumes/2TB%20Drive/iTunes/TV%20Shows/The%20Big%20Bang%20Theory/Season%205/The.Big.Bang.Theory.S05E21.m4v', '0', '1008', 2, 21, 0),
(3131, 'The.Big.Bang.Theory.S05E22', 'file:///Volumes/2TB%20Drive/iTunes/TV%20Shows/The%20Big%20Bang%20Theory/Season%205/The.Big.Bang.Theory.S05E22.m4v', '0', '1008', 2, 22, 0),
(3132, 'The.Big.Bang.Theory.S05E23', 'file:///Volumes/2TB%20Drive/iTunes/TV%20Shows/The%20Big%20Bang%20Theory/Season%205/The.Big.Bang.Theory.S05E23.m4v', '0', '1008', 2, 23, 0),
(3133, 'The.Big.Bang.Theory.S05E24', 'file:///Volumes/2TB%20Drive/iTunes/TV%20Shows/The%20Big%20Bang%20Theory/Season%205/The.Big.Bang.Theory.S05E24.m4v', '0', '1008', 2, 24, 0),
(3134, 'CSI.S13E01', 'file:///Volumes/2TB%20Drive/iTunes/TV%20Shows/CSI/Season%2013/CSI.S13E01.m4v', '0', '582', 2, 1, 0),
(3136, '01 The Date Night Variable', 'file:///Volumes/2TB%20Drive/iTunes/TV%20Shows/The%20Big%20Bang%20Theory/Season%206/01%20The%20Date%20Night%20Variable.m4v', '19', '1008', 2, 1, 0),
(3137, '02 The Decoupling Fluctuation', 'file:///Volumes/2TB%20Drive/iTunes/TV%20Shows/The%20Big%20Bang%20Theory/Season%206/02%20The%20Decoupling%20Fluctuation.m4v', '19', '1008', 2, 2, 0),
(3138, '03 The Higgs Boson Observation', 'file:///Volumes/2TB%20Drive/iTunes/TV%20Shows/The%20Big%20Bang%20Theory/Season%206/03%20The%20Higgs%20Boson%20Observation.m4v', '19', '1008', 2, 3, 0),
(3139, '04 The Re-Entry Minimization', 'file:///Volumes/2TB%20Drive/iTunes/TV%20Shows/The%20Big%20Bang%20Theory/Season%206/04%20The%20Re-Entry%20Minimization.m4v', '19', '1008', 2, 4, 0),
(3140, '05 The Holographic Excitation', 'file:///Volumes/2TB%20Drive/iTunes/TV%20Shows/The%20Big%20Bang%20Theory/Season%206/05%20The%20Holographic%20Excitation.m4v', '19', '1008', 2, 5, 0),
(3141, '06 The Extract Obliteration', 'file:///Volumes/2TB%20Drive/iTunes/TV%20Shows/The%20Big%20Bang%20Theory/Season%206/06%20The%20Extract%20Obliteration.m4v', '19', '1008', 2, 6, 0),
(3142, '07 The Habitation Configuration', 'file:///Volumes/2TB%20Drive/iTunes/TV%20Shows/The%20Big%20Bang%20Theory/Season%206/07%20The%20Habitation%20Configuration.m4v', '19', '1008', 2, 7, 0),
(3143, '08 The 43 Peculiarity', 'file:///Volumes/2TB%20Drive/iTunes/TV%20Shows/The%20Big%20Bang%20Theory/Season%206/08%20The%2043%20Peculiarity.m4v', '19', '1008', 2, 8, 0),
(3144, '09 The Parking Spot Escalation', 'file:///Volumes/2TB%20Drive/iTunes/TV%20Shows/The%20Big%20Bang%20Theory/Season%206/09%20The%20Parking%20Spot%20Escalation.m4v', '19', '1008', 2, 9, 0),
(3145, '10 The Fish Guts Displacement', 'file:///Volumes/2TB%20Drive/iTunes/TV%20Shows/The%20Big%20Bang%20Theory/Season%206/10%20The%20Fish%20Guts%20Displacement.m4v', '19', '1008', 2, 10, 0),
(3146, '11 The Santa Simulation', 'file:///Volumes/2TB%20Drive/iTunes/TV%20Shows/The%20Big%20Bang%20Theory/Season%206/11%20The%20Santa%20Simulation.m4v', '19', '1008', 2, 11, 0),
(3147, '01', 'file:///Volumes/2TB%20Drive/iTunes/TV%20Shows/How%20I%20Met%20Your%20Mother/Season%201/01.m4v', '0', '1201', 2, 1, 0),
(3148, '02', 'file:///Volumes/2TB%20Drive/iTunes/TV%20Shows/How%20I%20Met%20Your%20Mother/Season%201/02.m4v', '0', '1201', 2, 2, 0),
(3149, '03', 'file:///Volumes/2TB%20Drive/iTunes/TV%20Shows/How%20I%20Met%20Your%20Mother/Season%201/03.m4v', '0', '1201', 2, 3, 0),
(3150, '04', 'file:///Volumes/2TB%20Drive/iTunes/TV%20Shows/How%20I%20Met%20Your%20Mother/Season%201/04.m4v', '0', '1201', 2, 4, 0),
(3151, '05', 'file:///Volumes/2TB%20Drive/iTunes/TV%20Shows/How%20I%20Met%20Your%20Mother/Season%201/05.m4v', '0', '1201', 2, 5, 0),
(3152, '06', 'file:///Volumes/2TB%20Drive/iTunes/TV%20Shows/How%20I%20Met%20Your%20Mother/Season%201/06.m4v', '0', '1201', 2, 6, 0),
(3153, '07', 'file:///Volumes/2TB%20Drive/iTunes/TV%20Shows/How%20I%20Met%20Your%20Mother/Season%201/07.m4v', '0', '1201', 2, 7, 0),
(3154, '08', 'file:///Volumes/2TB%20Drive/iTunes/TV%20Shows/How%20I%20Met%20Your%20Mother/Season%201/08.m4v', '0', '1201', 2, 8, 0),
(3155, '09', 'file:///Volumes/2TB%20Drive/iTunes/TV%20Shows/How%20I%20Met%20Your%20Mother/Season%201/09.m4v', '0', '1201', 2, 9, 0),
(3156, '10', 'file:///Volumes/2TB%20Drive/iTunes/TV%20Shows/How%20I%20Met%20Your%20Mother/Season%201/10.m4v', '0', '1201', 2, 10, 0),
(3157, '11', 'file:///Volumes/2TB%20Drive/iTunes/TV%20Shows/How%20I%20Met%20Your%20Mother/Season%201/11.m4v', '0', '1201', 2, 11, 0),
(3158, '12', 'file:///Volumes/2TB%20Drive/iTunes/TV%20Shows/How%20I%20Met%20Your%20Mother/Season%201/12.m4v', '0', '1201', 2, 12, 0),
(3159, '13', 'file:///Volumes/2TB%20Drive/iTunes/TV%20Shows/How%20I%20Met%20Your%20Mother/Season%201/13.m4v', '0', '1201', 2, 13, 0),
(3160, '14', 'file:///Volumes/2TB%20Drive/iTunes/TV%20Shows/How%20I%20Met%20Your%20Mother/Season%201/14.m4v', '0', '1201', 2, 14, 0),
(3161, '15', 'file:///Volumes/2TB%20Drive/iTunes/TV%20Shows/How%20I%20Met%20Your%20Mother/Season%201/15.m4v', '0', '1201', 2, 15, 0),
(3162, '16', 'file:///Volumes/2TB%20Drive/iTunes/TV%20Shows/How%20I%20Met%20Your%20Mother/Season%201/16.m4v', '0', '1201', 2, 16, 0),
(3163, '17', 'file:///Volumes/2TB%20Drive/iTunes/TV%20Shows/How%20I%20Met%20Your%20Mother/Season%201/17.m4v', '0', '1201', 2, 17, 0),
(3164, '18', 'file:///Volumes/2TB%20Drive/iTunes/TV%20Shows/How%20I%20Met%20Your%20Mother/Season%201/18.m4v', '0', '1201', 2, 18, 0),
(3165, '19', 'file:///Volumes/2TB%20Drive/iTunes/TV%20Shows/How%20I%20Met%20Your%20Mother/Season%201/19.m4v', '0', '1201', 2, 19, 0),
(3166, '20', 'file:///Volumes/2TB%20Drive/iTunes/TV%20Shows/How%20I%20Met%20Your%20Mother/Season%201/20.m4v', '0', '1201', 2, 20, 0),
(3167, '21', 'file:///Volumes/2TB%20Drive/iTunes/TV%20Shows/How%20I%20Met%20Your%20Mother/Season%201/21.m4v', '0', '1201', 2, 21, 0),
(3168, '22', 'file:///Volumes/2TB%20Drive/iTunes/TV%20Shows/How%20I%20Met%20Your%20Mother/Season%201/22.m4v', '0', '1201', 2, 22, 0),
(3172, '14 The Cooper_Kripke Inversion', 'file:///Volumes/2TB%20Drive/iTunes/TV%20Shows/The%20Big%20Bang%20Theory/Season%206/14%20The%20Cooper_Kripke%20Inversion.m4v', '0', '1008', 2, 14, 0),
(3173, '13 The Bakersfield Expedition', 'file:///Volumes/2TB%20Drive/iTunes/TV%20Shows/The%20Big%20Bang%20Theory/Season%206/13%20The%20Bakersfield%20Expedition.m4v', '0', '1008', 2, 13, 0),
(3174, '12 The Egg Salad Equivalency', 'file:///Volumes/2TB%20Drive/iTunes/TV%20Shows/The%20Big%20Bang%20Theory/Season%206/12%20The%20Egg%20Salad%20Equivalency.m4v', '0', '1008', 2, 12, 0),
(3175, 'CSI.S13E02', 'file:///Volumes/2TB%20Drive/iTunes/TV%20Shows/CSI/Season%2013/CSI.S13E02.m4v', '0', '582', 2, 2, 0),
(3176, 'Unspoken', 'file:///Volumes/2TB%20Drive/iTunes/TV%20Shows/CSI%20NY/Season%209/Unspoken.m4v', '667', '344', 2, 4, 0),
(3177, '2,918 Miles', 'file:///Volumes/2TB%20Drive/iTunes/TV%20Shows/CSI%20NY/Season%209/2,918%20Miles.m4v', '0', '344', 2, 3, 0),
(3178, '01 The Pilot', 'file:///Volumes/2TB%20Drive/iTunes/TV%20Shows/Friends/Season%201/01%20The%20Pilot.m4v', '19', '1229', 2, 1, 0),
(3179, '02 The One With The Sonogram At The End', 'file:///Volumes/2TB%20Drive/iTunes/TV%20Shows/Friends/Season%201/02%20The%20One%20With%20The%20Sonogram%20At%20The%20End.m4v', '19', '1229', 2, 2, 0),
(3180, '03 The One With The Thumb', 'file:///Volumes/2TB%20Drive/iTunes/TV%20Shows/Friends/Season%201/03%20The%20One%20With%20The%20Thumb.m4v', '19', '1229', 2, 3, 0),
(3181, '04 The One With George Stephanopoulos', 'file:///Volumes/2TB%20Drive/iTunes/TV%20Shows/Friends/Season%201/04%20The%20One%20With%20George%20Stephanopoulos.m4v', '19', '1229', 2, 4, 0),
(3182, '05 The One With The East German Laundry Detergent', 'file:///Volumes/2TB%20Drive/iTunes/TV%20Shows/Friends/Season%201/05%20The%20One%20With%20The%20East%20German%20Laundry%20Detergent.m4v', '19', '1229', 2, 5, 0),
(3183, '06 The One With The Butt', 'file:///Volumes/2TB%20Drive/iTunes/TV%20Shows/Friends/Season%201/06%20The%20One%20With%20The%20Butt.m4v', '19', '1229', 2, 6, 0),
(3184, '07 The One With The Blackout', 'file:///Volumes/2TB%20Drive/iTunes/TV%20Shows/Friends/Season%201/07%20The%20One%20With%20The%20Blackout.m4v', '19', '1229', 2, 7, 0),
(3185, '08 The One Where Nana Dies Twice', 'file:///Volumes/2TB%20Drive/iTunes/TV%20Shows/Friends/Season%201/08%20The%20One%20Where%20Nana%20Dies%20Twice.m4v', '19', '1229', 2, 8, 0),
(3186, '09 The One Where The Underdog Gets Away ', 'file:///Volumes/2TB%20Drive/iTunes/TV%20Shows/Friends/Season%201/09%20The%20One%20Where%20The%20Underdog%20Gets%20Away.m4v', '19', '1229', 2, 9, 0),
(3187, '10 The One With The Monkey', 'file:///Volumes/2TB%20Drive/iTunes/TV%20Shows/Friends/Season%201/10%20The%20One%20With%20The%20Monkey.m4v', '19', '1229', 2, 10, 0),
(3188, '11 The One With Mrs. Bing', 'file:///Volumes/2TB%20Drive/iTunes/TV%20Shows/Friends/Season%201/11%20The%20One%20With%20Mrs.%20Bing.m4v', '19', '1229', 2, 11, 0),
(3189, '12 The One With The Dozen Lasagnes', 'file:///Volumes/2TB%20Drive/iTunes/TV%20Shows/Friends/Season%201/12%20The%20One%20With%20The%20Dozen%20Lasagnes.m4v', '19', '1229', 2, 12, 0),
(3190, '13 The One With The Boobies', 'file:///Volumes/2TB%20Drive/iTunes/TV%20Shows/Friends/Season%201/13%20The%20One%20With%20The%20Boobies.m4v', '19', '1229', 2, 13, 0),
(3191, '14 The One With The Candy Hearts', 'file:///Volumes/2TB%20Drive/iTunes/TV%20Shows/Friends/Season%201/14%20The%20One%20With%20The%20Candy%20Hearts.m4v', '19', '1229', 2, 14, 0),
(3192, '15 The One With The Stoned Monkey', 'file:///Volumes/2TB%20Drive/iTunes/TV%20Shows/Friends/Season%201/15%20The%20One%20With%20The%20Stoned%20Monkey.m4v', '19', '1229', 2, 15, 0),
(3193, '16 The One With Two Parts Part 1', 'file:///Volumes/2TB%20Drive/iTunes/TV%20Shows/Friends/Season%201/16%20The%20One%20With%20Two%20Parts%20Part%201.m4v', '19', '1229', 2, 16, 0),
(3194, '17 The One With Two Parts Part 2', 'file:///Volumes/2TB%20Drive/iTunes/TV%20Shows/Friends/Season%201/17%20The%20One%20With%20Two%20Parts%20Part%202.m4v', '19', '1229', 2, 17, 0),
(3195, '18 The One With With All The Poker', 'file:///Volumes/2TB%20Drive/iTunes/TV%20Shows/Friends/Season%201/18%20The%20One%20With%20With%20All%20The%20Poker.m4v', '19', '1229', 2, 18, 0),
(3196, '19 The One Where The Monkey Gets Away', 'file:///Volumes/2TB%20Drive/iTunes/TV%20Shows/Friends/Season%201/19%20The%20One%20Where%20The%20Monkey%20Gets%20Away.m4v', '19', '1229', 2, 19, 0),
(3197, '20 The One With The Evil Orthodontist', 'file:///Volumes/2TB%20Drive/iTunes/TV%20Shows/Friends/Season%201/20%20The%20One%20With%20The%20Evil%20Orthodontist.m4v', '19', '1229', 2, 20, 0),
(3198, '21 The One With Fake Monica', 'file:///Volumes/2TB%20Drive/iTunes/TV%20Shows/Friends/Season%201/21%20The%20One%20With%20Fake%20Monica.m4v', '19', '1229', 2, 21, 0),
(3199, '22 The One With The Ick Factor', 'file:///Volumes/2TB%20Drive/iTunes/TV%20Shows/Friends/Season%201/22%20The%20One%20With%20The%20Ick%20Factor.m4v', '19', '1229', 2, 22, 0),
(3200, '23 The One With The Birth', 'file:///Volumes/2TB%20Drive/iTunes/TV%20Shows/Friends/Season%201/23%20The%20One%20With%20The%20Birth.m4v', '19', '1229', 2, 23, 0),
(3201, '24 The One Where Rachel Finds Out', 'file:///Volumes/2TB%20Drive/iTunes/TV%20Shows/Friends/Season%201/24%20The%20One%20Where%20Rachel%20Finds%20Out.m4v', '19', '1229', 2, 24, 0),
(3202, '15 The Spoiler Alert Segmentation', 'file:///Volumes/2TB%20Drive/iTunes/TV%20Shows/The%20Big%20Bang%20Theory/Season%206/15%20The%20Spoiler%20Alert%20Segmentation.m4v', '0', '1008', 2, 15, 0),
(3203, '16 The Tangible Affection Proof', 'file:///Volumes/2TB%20Drive/iTunes/TV%20Shows/The%20Big%20Bang%20Theory/Season%206/16%20The%20Tangible%20Affection%20Proof.m4v', '0', '1008', 2, 16, 0),
(3204, '17 The Monster Isolation', 'file:///Volumes/2TB%20Drive/iTunes/TV%20Shows/The%20Big%20Bang%20Theory/Season%206/17%20The%20Monster%20Isolation.m4v', '0', '1008', 2, 17, 0),
(3205, '18 The Contractual Obligation Implementation', 'file:///Volumes/2TB%20Drive/iTunes/TV%20Shows/The%20Big%20Bang%20Theory/Season%206/18%20The%20Contractual%20Obligation%20Implementation.m4v', '0', '1008', 2, 18, 0),
(3206, '19 The Closet Reconfiguration', 'file:///Volumes/2TB%20Drive/iTunes/TV%20Shows/The%20Big%20Bang%20Theory/Season%206/19%20The%20Closet%20Reconfiguration.m4v', '0', '1008', 2, 19, 0),
(3207, '20 The Tenure Turbulence', 'file:///Volumes/2TB%20Drive/iTunes/TV%20Shows/The%20Big%20Bang%20Theory/Season%206/20%20The%20Tenure%20Turbulence.m4v', '0', '1008', 2, 20, 0),
(3208, '21 The Closure Alternative', 'file:///Volumes/2TB%20Drive/iTunes/TV%20Shows/The%20Big%20Bang%20Theory/Season%206/21%20The%20Closure%20Alternative.m4v', '0', '1008', 2, 21, 0),
(3209, '22 The Proton Resurgence', 'file:///Volumes/2TB%20Drive/iTunes/TV%20Shows/The%20Big%20Bang%20Theory/Season%206/22%20The%20Proton%20Resurgence.m4v', '0', '1008', 2, 22, 0),
(3210, '23 The Love Spell Potential', 'file:///Volumes/2TB%20Drive/iTunes/TV%20Shows/The%20Big%20Bang%20Theory/Season%206/23%20The%20Love%20Spell%20Potential.m4v', '0', '1008', 2, 23, 0),
(3211, '24 The Bon Voyage Reaction', 'file:///Volumes/2TB%20Drive/iTunes/TV%20Shows/The%20Big%20Bang%20Theory/Season%206/24%20The%20Bon%20Voyage%20Reaction.m4v', '0', '1008', 2, 24, 0),
(3213, '01 The One With Ross''s new Girlfriend', 'file:///Volumes/2TB%20Drive/iTunes/TV%20Shows/Friends/Season%202/01%20The%20One%20With%20Ross''s%20new%20Girlfriend.m4v', '0', '1229', 2, 1, 0),
(3214, '02 The One With The Breast Milk', 'file:///Volumes/2TB%20Drive/iTunes/TV%20Shows/Friends/Season%202/02%20The%20One%20With%20The%20Breast%20Milk.m4v', '0', '1229', 2, 2, 0),
(3215, '03 The One Where Heckles Dies\n', 'file:///Volumes/2TB%20Drive/iTunes/TV%20Shows/Friends/Season%202/03%20The%20One%20Where%20Heckles%20Dies_.m4v', '0', '1229', 2, 3, 0),
(3216, '04 The One With Phoebe''s Husband\n', 'file:///Volumes/2TB%20Drive/iTunes/TV%20Shows/Friends/Season%202/04%20The%20One%20With%20Phoebe''s%20Husband_.m4v', '0', '1229', 2, 4, 0),
(3217, '05 The One With Five Steaks And An Eggplant', 'file:///Volumes/2TB%20Drive/iTunes/TV%20Shows/Friends/Season%202/05%20The%20One%20With%20Five%20Steaks%20And%20An%20Eggplant.m4v', '0', '1229', 2, 5, 0),
(3218, '06 The One With The Baby On The Bus', 'file:///Volumes/2TB%20Drive/iTunes/TV%20Shows/Friends/Season%202/06%20The%20One%20With%20The%20Baby%20On%20The%20Bus.m4v', '0', '1229', 2, 6, 0),
(3219, '07 The One Where Ross Finds Out', 'file:///Volumes/2TB%20Drive/iTunes/TV%20Shows/Friends/Season%202/07%20The%20One%20Where%20Ross%20Finds%20Out.m4v', '0', '1229', 2, 7, 0),
(3220, '08 The One With The List', 'file:///Volumes/2TB%20Drive/iTunes/TV%20Shows/Friends/Season%202/08%20The%20One%20With%20The%20List.m4v', '0', '1229', 2, 8, 0),
(3221, '09 The One With Phoebe''s Dad', 'file:///Volumes/2TB%20Drive/iTunes/TV%20Shows/Friends/Season%202/09%20The%20One%20With%20Phoebe''s%20Dad.m4v', '0', '1229', 2, 9, 0),
(3222, '10 The One With Russ', 'file:///Volumes/2TB%20Drive/iTunes/TV%20Shows/Friends/Season%202/10%20The%20One%20With%20Russ.m4v', '0', '1229', 2, 10, 0),
(3223, '11 The One With The Lesbian Wedding', 'file:///Volumes/2TB%20Drive/iTunes/TV%20Shows/Friends/Season%202/11%20The%20One%20With%20The%20Lesbian%20Wedding.m4v', '0', '1229', 2, 11, 0),
(3224, '12 The One After The Superbowl Part 1', 'file:///Volumes/2TB%20Drive/iTunes/TV%20Shows/Friends/Season%202/12%20The%20One%20After%20The%20Superbowl%20Part%201.m4v', '0', '1229', 2, 12, 0),
(3225, '13 The One After The Superbowl Part 2', 'file:///Volumes/2TB%20Drive/iTunes/TV%20Shows/Friends/Season%202/13%20The%20One%20After%20The%20Superbowl%20Part%202.m4v', '0', '1229', 2, 13, 0),
(3226, '14 The One With The Prom Video', 'file:///Volumes/2TB%20Drive/iTunes/TV%20Shows/Friends/Season%202/14%20The%20One%20With%20The%20Prom%20Video.m4v', '0', '1229', 2, 14, 0),
(3227, '15 The One Where Ross And Rachel…You Know', 'file:///Volumes/2TB%20Drive/iTunes/TV%20Shows/Friends/Season%202/15%20The%20One%20Where%20Ross%20And%20Rachel%E2%80%A6You%20Know.m4v', '0', '1229', 2, 15, 0),
(3228, '16 The One Where Joey Moves Out', 'file:///Volumes/2TB%20Drive/iTunes/TV%20Shows/Friends/Season%202/16%20The%20One%20Where%20Joey%20Moves%20Out.m4v', '0', '1229', 2, 16, 0),
(3229, '17 The One Where Eddie Moves In', 'file:///Volumes/2TB%20Drive/iTunes/TV%20Shows/Friends/Season%202/17%20The%20One%20Where%20Eddie%20Moves%20In.m4v', '0', '1229', 2, 17, 0),
(3230, '18 The One Where Dr. Ramoray Dies', 'file:///Volumes/2TB%20Drive/iTunes/TV%20Shows/Friends/Season%202/18%20The%20One%20Where%20Dr.%20Ramoray%20Dies.m4v', '0', '1229', 2, 18, 0),
(3231, '19 The One Where Eddie Won''t Go', 'file:///Volumes/2TB%20Drive/iTunes/TV%20Shows/Friends/Season%202/19%20The%20One%20Where%20Eddie%20Won''t%20Go.m4v', '0', '1229', 2, 19, 0),
(3232, '20 The One Where Old Yeller Dies', 'file:///Volumes/2TB%20Drive/iTunes/TV%20Shows/Friends/Season%202/20%20The%20One%20Where%20Old%20Yeller%20Dies.m4v', '0', '1229', 2, 20, 0),
(3233, '21 The One With The Bullet', 'file:///Volumes/2TB%20Drive/iTunes/TV%20Shows/Friends/Season%202/21%20The%20One%20With%20The%20Bullet.m4v', '0', '1229', 2, 21, 0),
(3234, '22 The One With Two Parties', 'file:///Volumes/2TB%20Drive/iTunes/TV%20Shows/Friends/Season%202/22%20The%20One%20With%20Two%20Parties.m4v', '0', '1229', 2, 22, 0),
(3235, '23 The One With The Chicken Pox', 'file:///Volumes/2TB%20Drive/iTunes/TV%20Shows/Friends/Season%202/23%20The%20One%20With%20The%20Chicken%20Pox.m4v', '0', '1229', 2, 23, 0),
(3236, '24 The One With Barry & Mindy''s Wedding', 'file:///Volumes/2TB%20Drive/iTunes/TV%20Shows/Friends/Season%202/24%20The%20One%20With%20Barry%20&%20Mindy''s%20Wedding.m4v', '0', '1229', 2, 24, 0),
(3237, 'YOGA_FOR_ATHLETES_3', 'file:///Volumes/2TB%20Drive/iTunes/TV%20Shows/Yoga/YOGA_FOR_ATHLETES_3.m4v', '75', '1287', 2, 3, 0),
(3238, 'YOGA_FOR_ATHLETES_2', 'file:///Volumes/2TB%20Drive/iTunes/TV%20Shows/Yoga/YOGA_FOR_ATHLETES_2.m4v', '75', '1287', 2, 2, 0),
(3239, 'YOGA_FOR_ATHLETES_1', 'file:///Volumes/2TB%20Drive/iTunes/TV%20Shows/Yoga/YOGA_FOR_ATHLETES_1.m4v', '75', '1287', 2, 1, 0),
(3242, '01', 'file:///Volumes/2TB%20Drive/iTunes/TV%20Shows/Rookie%20Blue/Season%204/01.m4v', '0', '859', 2, 1, 0),
(3243, '02', 'file:///Volumes/2TB%20Drive/iTunes/TV%20Shows/Rookie%20Blue/Season%204/02.m4v', '0', '859', 2, 2, 0),
(3245, '03', 'file:///Volumes/2TB%20Drive/iTunes/TV%20Shows/Rookie%20Blue/Season%204/03.m4v', '0', '859', 2, 3, 0),
(3246, '04', 'file:///Volumes/2TB%20Drive/iTunes/TV%20Shows/Rookie%20Blue/Season%204/04.m4v', '0', '859', 2, 4, 0),
(3247, '05', 'file:///Volumes/2TB%20Drive/iTunes/TV%20Shows/Rookie%20Blue/Season%204/05.m4v', '0', '859', 2, 5, 0),
(3249, 'Drop.Dead.Diva.S05E02', 'file:///Volumes/2TB%20Drive/iTunes/TV%20Shows/Drop%20Dead%20Diva/Season%205/Drop.Dead.Diva.S05E02.m4v', '0', '332', 2, 2, 0),
(3252, '01 The One with the Princess Leia Fantasy', 'file:///Volumes/2TB%20Drive/iTunes/TV%20Shows/Friends/Season%203/01%20The%20One%20with%20the%20Princess%20Leia%20Fantasy.m4v', '0', '1229', 2, 1, 0),
(3253, '02 The One Where No One''s Ready', 'file:///Volumes/2TB%20Drive/iTunes/TV%20Shows/Friends/Season%203/02%20The%20One%20Where%20No%20One''s%20Ready.m4v', '0', '1229', 2, 2, 0),
(3254, '03 The One with the Jam', 'file:///Volumes/2TB%20Drive/iTunes/TV%20Shows/Friends/Season%203/03%20The%20One%20with%20the%20Jam.m4v', '0', '1229', 2, 3, 0),
(3255, '04 The One with the Metaphorical Tunnel', 'file:///Volumes/2TB%20Drive/iTunes/TV%20Shows/Friends/Season%203/04%20The%20One%20with%20the%20Metaphorical%20Tunnel.m4v', '0', '1229', 2, 4, 0),
(3256, '05 The One with Frank Jr.', 'file:///Volumes/2TB%20Drive/iTunes/TV%20Shows/Friends/Season%203/05%20The%20One%20with%20Frank%20Jr..m4v', '0', '1229', 2, 5, 0),
(3257, '06 The One with the Flashback', 'file:///Volumes/2TB%20Drive/iTunes/TV%20Shows/Friends/Season%203/06%20The%20One%20with%20the%20Flashback.m4v', '0', '1229', 2, 6, 0),
(3258, '07 The One with the Race Car Bed', 'file:///Volumes/2TB%20Drive/iTunes/TV%20Shows/Friends/Season%203/07%20The%20One%20with%20the%20Race%20Car%20Bed.m4v', '0', '1229', 2, 7, 0),
(3259, '08 The One with the Giant Poking Device', 'file:///Volumes/2TB%20Drive/iTunes/TV%20Shows/Friends/Season%203/08%20The%20One%20with%20the%20Giant%20Poking%20Device.m4v', '0', '1229', 2, 8, 0),
(3260, '09 The One with the Football', 'file:///Volumes/2TB%20Drive/iTunes/TV%20Shows/Friends/Season%203/09%20The%20One%20with%20the%20Football.m4v', '0', '1229', 2, 9, 0),
(3261, '10 The One Where Rachel Quits', 'file:///Volumes/2TB%20Drive/iTunes/TV%20Shows/Friends/Season%203/10%20The%20One%20Where%20Rachel%20Quits.m4v', '0', '1229', 2, 10, 0),
(3262, '11 The One Where Chandler Can''t Remember Which Sister', 'file:///Volumes/2TB%20Drive/iTunes/TV%20Shows/Friends/Season%203/11%20The%20One%20Where%20Chandler%20Can''t%20Remember%20Which%20Sister.m4v', '0', '1229', 2, 11, 0),
(3263, '12 The One with All the Jealousy', 'file:///Volumes/2TB%20Drive/iTunes/TV%20Shows/Friends/Season%203/12%20The%20One%20with%20All%20the%20Jealousy.m4v', '0', '1229', 2, 12, 0),
(3264, '13 The One Where Monica and Richard are Just Friends', 'file:///Volumes/2TB%20Drive/iTunes/TV%20Shows/Friends/Season%203/13%20The%20One%20Where%20Monica%20and%20Richard%20are%20Just%20Friends.m4v', '0', '1229', 2, 13, 0),
(3265, '14 The One with Pheobe''s Ex-Partner', 'file:///Volumes/2TB%20Drive/iTunes/TV%20Shows/Friends/Season%203/14%20The%20One%20with%20Pheobe''s%20Ex-Partner.m4v', '0', '1229', 2, 14, 0),
(3266, '15 The One Where Ross and Rachel Take a Break', 'file:///Volumes/2TB%20Drive/iTunes/TV%20Shows/Friends/Season%203/15%20The%20One%20Where%20Ross%20and%20Rachel%20Take%20a%20Break.m4v', '0', '1229', 2, 15, 0),
(3267, '16 The One the Morning After', 'file:///Volumes/2TB%20Drive/iTunes/TV%20Shows/Friends/Season%203/16%20The%20One%20the%20Morning%20After.m4v', '0', '1229', 2, 16, 0),
(3268, '17 The One Without the Ski Trip', 'file:///Volumes/2TB%20Drive/iTunes/TV%20Shows/Friends/Season%203/17%20The%20One%20Without%20the%20Ski%20Trip.m4v', '0', '1229', 2, 17, 0),
(3269, '18 The One with the Hypnosis Tape', 'file:///Volumes/2TB%20Drive/iTunes/TV%20Shows/Friends/Season%203/18%20The%20One%20with%20the%20Hypnosis%20Tape.m4v', '0', '1229', 2, 18, 0),
(3270, '19 The One with the Tiny T-Shirt', 'file:///Volumes/2TB%20Drive/iTunes/TV%20Shows/Friends/Season%203/19%20The%20One%20with%20the%20Tiny%20T-Shirt.m4v', '0', '1229', 2, 19, 0),
(3271, '20 The One with the Dollhouse', 'file:///Volumes/2TB%20Drive/iTunes/TV%20Shows/Friends/Season%203/20%20The%20One%20with%20the%20Dollhouse.m4v', '0', '1229', 2, 20, 0),
(3272, '21 The One with a Chick and a Duck', 'file:///Volumes/2TB%20Drive/iTunes/TV%20Shows/Friends/Season%203/21%20The%20One%20with%20a%20Chick%20and%20a%20Duck.m4v', '0', '1229', 2, 21, 0),
(3273, '22 The One with the Screamer', 'file:///Volumes/2TB%20Drive/iTunes/TV%20Shows/Friends/Season%203/22%20The%20One%20with%20the%20Screamer.m4v', '0', '1229', 2, 22, 0),
(3274, '23 The One with Ross''s Things', 'file:///Volumes/2TB%20Drive/iTunes/TV%20Shows/Friends/Season%203/23%20The%20One%20with%20Ross''s%20Things.m4v', '0', '1229', 2, 23, 0),
(3275, '24 The One with the Ultimate Fighting Champion', 'file:///Volumes/2TB%20Drive/iTunes/TV%20Shows/Friends/Season%203/24%20The%20One%20with%20the%20Ultimate%20Fighting%20Champion.m4v', '0', '1229', 2, 24, 0),
(3276, '25 The One at the Beach', 'file:///Volumes/2TB%20Drive/iTunes/TV%20Shows/Friends/Season%203/25%20The%20One%20at%20the%20Beach.m4v', '0', '1229', 2, 25, 0),
(3278, '01 The One with the Jellyfish', 'file:///Volumes/2TB%20Drive/iTunes/TV%20Shows/Friends/Season%204/01%20The%20One%20with%20the%20Jellyfish.m4v', '19', '1229', 2, 1, 0),
(3279, '02 The One with the Cat', 'file:///Volumes/2TB%20Drive/iTunes/TV%20Shows/Friends/Season%204/02%20The%20One%20with%20the%20Cat.m4v', '19', '1229', 2, 2, 0),
(3280, '03 The One with the Cuffs', 'file:///Volumes/2TB%20Drive/iTunes/TV%20Shows/Friends/Season%204/03%20The%20One%20with%20the%20Cuffs.m4v', '19', '1229', 2, 3, 0),
(3281, '04 The One with the Ballroom Dancing', 'file:///Volumes/2TB%20Drive/iTunes/TV%20Shows/Friends/Season%204/04%20The%20One%20with%20the%20Ballroom%20Dancing.m4v', '19', '1229', 2, 4, 0),
(3282, '05 The One with Joey''s New Girlfriend', 'file:///Volumes/2TB%20Drive/iTunes/TV%20Shows/Friends/Season%204/05%20The%20One%20with%20Joey''s%20New%20Girlfriend.m4v', '19', '1229', 2, 5, 0),
(3283, '06 The One with the Dirty Girl', 'file:///Volumes/2TB%20Drive/iTunes/TV%20Shows/Friends/Season%204/06%20The%20One%20with%20the%20Dirty%20Girl.m4v', '19', '1229', 2, 6, 0),
(3284, '07 The One Where Chandler Crosses the Line', 'file:///Volumes/2TB%20Drive/iTunes/TV%20Shows/Friends/Season%204/07%20The%20One%20Where%20Chandler%20Crosses%20the%20Line.m4v', '19', '1229', 2, 7, 0),
(3285, '08 The One with Chandler in a Box', 'file:///Volumes/2TB%20Drive/iTunes/TV%20Shows/Friends/Season%204/08%20The%20One%20with%20Chandler%20in%20a%20Box.m4v', '19', '1229', 2, 8, 0),
(3286, '09 The One Where They''re Going to Party!', 'file:///Volumes/2TB%20Drive/iTunes/TV%20Shows/Friends/Season%204/09%20The%20One%20Where%20They''re%20Going%20to%20Party!.m4v', '0', '1229', 2, 9, 0),
(3287, '10 The One with the Girl from Poughkeepsie', 'file:///Volumes/2TB%20Drive/iTunes/TV%20Shows/Friends/Season%204/10%20The%20One%20with%20the%20Girl%20from%20Poughkeepsie.m4v', '0', '1229', 2, 10, 0),
(3288, '11 The One with Phoebe''s Uterus', 'file:///Volumes/2TB%20Drive/iTunes/TV%20Shows/Friends/Season%204/11%20The%20One%20with%20Phoebe''s%20Uterus.m4v', '0', '1229', 2, 11, 0),
(3289, '12 The One with the Embryos', 'file:///Volumes/2TB%20Drive/iTunes/TV%20Shows/Friends/Season%204/12%20The%20One%20with%20the%20Embryos.m4v', '0', '1229', 2, 12, 0),
(3290, '13 The One with Rachel''s Crush', 'file:///Volumes/2TB%20Drive/iTunes/TV%20Shows/Friends/Season%204/13%20The%20One%20with%20Rachel''s%20Crush.m4v', '0', '1229', 2, 13, 0),
(3291, '14 The One with Joey''s Dirty Day', 'file:///Volumes/2TB%20Drive/iTunes/TV%20Shows/Friends/Season%204/14%20The%20One%20with%20Joey''s%20Dirty%20Day.m4v', '0', '1229', 2, 14, 0),
(3292, '15 The One with All the Rugby', 'file:///Volumes/2TB%20Drive/iTunes/TV%20Shows/Friends/Season%204/15%20The%20One%20with%20All%20the%20Rugby.m4v', '0', '1229', 2, 15, 0),
(3293, '16 The One with the Fake Party', 'file:///Volumes/2TB%20Drive/iTunes/TV%20Shows/Friends/Season%204/16%20The%20One%20with%20the%20Fake%20Party.m4v', '0', '1229', 2, 16, 0),
(3294, '17 The One with the Free Porn', 'file:///Volumes/2TB%20Drive/iTunes/TV%20Shows/Friends/Season%204/17%20The%20One%20with%20the%20Free%20Porn.m4v', '0', '1229', 2, 17, 0),
(3295, '18 The One with Rachel''s New Dress', 'file:///Volumes/2TB%20Drive/iTunes/TV%20Shows/Friends/Season%204/18%20The%20One%20with%20Rachel''s%20New%20Dress.m4v', '0', '1229', 2, 18, 0),
(3296, '19 The One with All the Haste', 'file:///Volumes/2TB%20Drive/iTunes/TV%20Shows/Friends/Season%204/19%20The%20One%20with%20All%20the%20Haste.m4v', '0', '1229', 2, 19, 0),
(3297, '20 The One with All the Wedding Dresses', 'file:///Volumes/2TB%20Drive/iTunes/TV%20Shows/Friends/Season%204/20%20The%20One%20with%20All%20the%20Wedding%20Dresses.m4v', '0', '1229', 2, 20, 0),
(3298, '21 The One with the Invitation', 'file:///Volumes/2TB%20Drive/iTunes/TV%20Shows/Friends/Season%204/21%20The%20One%20with%20the%20Invitation.m4v', '0', '1229', 2, 21, 0),
(3299, '22 The One with the Worst Best Man Ever', 'file:///Volumes/2TB%20Drive/iTunes/TV%20Shows/Friends/Season%204/22%20The%20One%20with%20the%20Worst%20Best%20Man%20Ever.m4v', '0', '1229', 2, 22, 0),
(3300, '23-4 The One with Ross''s Wedding Part 1& 2', 'file:///Volumes/2TB%20Drive/iTunes/TV%20Shows/Friends/Season%204/23-4%20The%20One%20with%20Ross''s%20Wedding%20Part%201&%202.m4v', '0', '1229', 2, 23, 0),
(3302, '06', 'file:///Volumes/2TB%20Drive/iTunes/TV%20Shows/Rookie%20Blue/Season%204/06.m4v', '0', '859', 2, 6, 0),
(3303, '07', 'file:///Volumes/2TB%20Drive/iTunes/TV%20Shows/Rookie%20Blue/Season%204/07.m4v', '0', '859', 2, 7, 0),
(3304, '08', 'file:///Volumes/2TB%20Drive/iTunes/TV%20Shows/Rookie%20Blue/Season%204/08.m4v', '0', '859', 2, 8, 0),
(3305, '09', 'file:///Volumes/2TB%20Drive/iTunes/TV%20Shows/Rookie%20Blue/Season%204/09.m4v', '0', '859', 2, 9, 0),
(3306, '10', 'file:///Volumes/2TB%20Drive/iTunes/TV%20Shows/Rookie%20Blue/Season%204/10.m4v', '0', '859', 2, 10, 0),
(3308, '11', 'file:///Volumes/2TB%20Drive/iTunes/TV%20Shows/Rookie%20Blue/Season%204/11.mp4', '0', '859', 2, 11, 0),
(3309, '12', 'file:///Volumes/2TB%20Drive/iTunes/TV%20Shows/Rookie%20Blue/Season%204/Rookie%20Blue%20S04E12%20HDTV%20x264-EVOLVE%5Bettv%5D.m4v', '0', '859', 2, 12, 0),
(3310, '13', 'file:///Volumes/2TB%20Drive/iTunes/TV%20Shows/Rookie%20Blue/Season%204/Rookie.Blue.S04E13.HDTV.x264-ASAP.m4v', '0', '859', 2, 13, 0),
(3315, 'E03', 'file:///Volumes/2TB%20Drive/iTunes/TV%20Shows/Breaking%20Bad/Season%201/E03.m4v', '0', '1352', 2, 3, 0),
(3316, 'E02', 'file:///Volumes/2TB%20Drive/iTunes/TV%20Shows/Breaking%20Bad/Season%201/E02.m4v', '0', '1352', 2, 2, 0),
(3317, 'E01', 'file:///Volumes/2TB%20Drive/iTunes/TV%20Shows/Breaking%20Bad/Season%201/E01.m4v', '0', '1352', 2, 1, 0),
(3321, 'HONG_KONG_PHOOEY 01', 'file:///Volumes/2TB%20Drive/iTunes/TV%20Shows/Hong%20Kong%20Phooey/Season%201/HONG_KONG_PHOOEY%2001.m4v', '0', '1355', 2, 0, 0),
(3322, 'HONG_KONG_PHOOEY 02', 'file:///Volumes/2TB%20Drive/iTunes/TV%20Shows/Hong%20Kong%20Phooey/Season%201/HONG_KONG_PHOOEY%2002.m4v', '0', '1355', 2, 0, 0),
(3323, 'HONG_KONG_PHOOEY 03', 'file:///Volumes/2TB%20Drive/iTunes/TV%20Shows/Hong%20Kong%20Phooey/Season%201/HONG_KONG_PHOOEY%2003.m4v', '0', '1355', 2, 0, 0),
(3324, 'HONG_KONG_PHOOEY 04', 'file:///Volumes/2TB%20Drive/iTunes/TV%20Shows/Hong%20Kong%20Phooey/Season%201/HONG_KONG_PHOOEY%2004.m4v', '0', '1355', 2, 0, 0),
(3325, 'HONG_KONG_PHOOEY 05', 'file:///Volumes/2TB%20Drive/iTunes/TV%20Shows/Hong%20Kong%20Phooey/Season%201/HONG_KONG_PHOOEY%2005.m4v', '0', '1355', 2, 0, 0),
(3326, 'HONG_KONG_PHOOEY 06', 'file:///Volumes/2TB%20Drive/iTunes/TV%20Shows/Hong%20Kong%20Phooey/Season%201/HONG_KONG_PHOOEY%2006.m4v', '0', '1355', 2, 0, 0),
(3327, 'HONG_KONG_PHOOEY 08', 'file:///Volumes/2TB%20Drive/iTunes/TV%20Shows/Hong%20Kong%20Phooey/Season%201/HONG_KONG_PHOOEY%2008.m4v', '0', '1355', 2, 0, 0),
(3328, 'HONG_KONG_PHOOEY 09', 'file:///Volumes/2TB%20Drive/iTunes/TV%20Shows/Hong%20Kong%20Phooey/Season%201/HONG_KONG_PHOOEY%2009.m4v', '0', '1355', 2, 0, 0),
(3336, 'CAMBERWICK_GREEN 01', 'file:///Volumes/2TB%20Drive/iTunes/TV%20Shows/Trumptonshire/Season%201/CAMBERWICK_GREEN%2001.m4v', '0', '1363', 2, 1, 0),
(3337, 'CAMBERWICK_GREEN 02', 'file:///Volumes/2TB%20Drive/iTunes/TV%20Shows/Trumptonshire/Season%201/CAMBERWICK_GREEN%2002.m4v', '0', '1363', 2, 2, 0),
(3338, 'CAMBERWICK_GREEN 03', 'file:///Volumes/2TB%20Drive/iTunes/TV%20Shows/Trumptonshire/Season%201/CAMBERWICK_GREEN%2003.m4v', '0', '1363', 2, 3, 0),
(3339, 'CAMBERWICK_GREEN 04', 'file:///Volumes/2TB%20Drive/iTunes/TV%20Shows/Trumptonshire/Season%201/CAMBERWICK_GREEN%2004.m4v', '0', '1363', 2, 4, 0),
(3340, 'CAMBERWICK_GREEN 05', 'file:///Volumes/2TB%20Drive/iTunes/TV%20Shows/Trumptonshire/Season%201/CAMBERWICK_GREEN%2005.m4v', '0', '1363', 2, 5, 0),
(3341, 'CAMBERWICK_GREEN 06', 'file:///Volumes/2TB%20Drive/iTunes/TV%20Shows/Trumptonshire/Season%201/CAMBERWICK_GREEN%2006.m4v', '0', '1363', 2, 6, 0),
(3342, 'CAMBERWICK_GREEN 07', 'file:///Volumes/2TB%20Drive/iTunes/TV%20Shows/Trumptonshire/Season%201/CAMBERWICK_GREEN%2007.m4v', '0', '1363', 2, 7, 0),
(3343, 'CAMBERWICK_GREEN 08', 'file:///Volumes/2TB%20Drive/iTunes/TV%20Shows/Trumptonshire/Season%201/CAMBERWICK_GREEN%2008.m4v', '0', '1363', 2, 8, 0),
(3344, 'CAMBERWICK_GREEN 09', 'file:///Volumes/2TB%20Drive/iTunes/TV%20Shows/Trumptonshire/Season%201/CAMBERWICK_GREEN%2009.m4v', '0', '1363', 2, 9, 0),
(3345, 'CAMBERWICK_GREEN 10', 'file:///Volumes/2TB%20Drive/iTunes/TV%20Shows/Trumptonshire/Season%201/CAMBERWICK_GREEN%2010.m4v', '0', '1363', 2, 10, 0),
(3346, 'CAMBERWICK_GREEN 11', 'file:///Volumes/2TB%20Drive/iTunes/TV%20Shows/Trumptonshire/Season%201/CAMBERWICK_GREEN%2011.m4v', '0', '1363', 2, 11, 0),
(3347, 'CAMBERWICK_GREEN 12', 'file:///Volumes/2TB%20Drive/iTunes/TV%20Shows/Trumptonshire/Season%201/CAMBERWICK_GREEN%2012.m4v', '0', '1363', 2, 12, 0),
(3348, 'CAMBERWICK_GREEN 13', 'file:///Volumes/2TB%20Drive/iTunes/TV%20Shows/Trumptonshire/Season%201/CAMBERWICK_GREEN%2013.m4v', '0', '1363', 2, 13, 0),
(3349, 'Trumpton 01', 'file:///Volumes/2TB%20Drive/iTunes/TV%20Shows/Trumptonshire/Season%202/Trumpton%2001.m4v', '0', '1363', 2, 1, 0),
(3350, 'Trumpton 02', 'file:///Volumes/2TB%20Drive/iTunes/TV%20Shows/Trumptonshire/Season%202/Trumpton%2002.m4v', '0', '1363', 2, 2, 0),
(3351, 'Trumpton 03', 'file:///Volumes/2TB%20Drive/iTunes/TV%20Shows/Trumptonshire/Season%202/Trumpton%2003.m4v', '0', '1363', 2, 3, 0),
(3352, 'Trumpton 04', 'file:///Volumes/2TB%20Drive/iTunes/TV%20Shows/Trumptonshire/Season%202/Trumpton%2004.m4v', '0', '1363', 2, 4, 0),
(3353, 'Trumpton 05', 'file:///Volumes/2TB%20Drive/iTunes/TV%20Shows/Trumptonshire/Season%202/Trumpton%2005.m4v', '0', '1363', 2, 5, 0),
(3354, 'Trumpton 06', 'file:///Volumes/2TB%20Drive/iTunes/TV%20Shows/Trumptonshire/Season%202/Trumpton%2006.m4v', '0', '1363', 2, 6, 0),
(3355, 'Trumpton 07', 'file:///Volumes/2TB%20Drive/iTunes/TV%20Shows/Trumptonshire/Season%202/Trumpton%2007.m4v', '0', '1363', 2, 7, 0),
(3356, 'Trumpton 08', 'file:///Volumes/2TB%20Drive/iTunes/TV%20Shows/Trumptonshire/Season%202/Trumpton%2008.m4v', '0', '1363', 2, 8, 0),
(3357, 'Trumpton 09', 'file:///Volumes/2TB%20Drive/iTunes/TV%20Shows/Trumptonshire/Season%202/Trumpton%2009.m4v', '0', '1363', 2, 9, 0),
(3358, 'Trumpton 10', 'file:///Volumes/2TB%20Drive/iTunes/TV%20Shows/Trumptonshire/Season%202/Trumpton%2010.m4v', '0', '1363', 2, 10, 0),
(3359, 'Trumpton 11', 'file:///Volumes/2TB%20Drive/iTunes/TV%20Shows/Trumptonshire/Season%202/Trumpton%2011.m4v', '0', '1363', 2, 11, 0),
(3360, 'Trumpton 12', 'file:///Volumes/2TB%20Drive/iTunes/TV%20Shows/Trumptonshire/Season%202/Trumpton%2012.m4v', '0', '1363', 2, 12, 0),
(3361, 'Trumpton 13', 'file:///Volumes/2TB%20Drive/iTunes/TV%20Shows/Trumptonshire/Season%202/Trumpton%2013.m4v', '0', '1363', 2, 13, 0),
(3363, 'Greys Anatomy s10 e03', 'file:///Volumes/2TB%20Drive/iTunes/TV%20Shows/Greys%20Anatomy/Season%2010/Greys%20Anatomy%20s10%20e03.m4v', '0', '1130', 2, 3, 0),
(3364, 'Greys Anatomy s10 e04', 'file:///Volumes/2TB%20Drive/iTunes/TV%20Shows/Greys%20Anatomy/Season%2010/Greys%20Anatomy%20s10%20e04.m4v', '0', '1130', 2, 4, 0),
(3365, 'Greys Anatomy s10 e05', 'file:///Volumes/2TB%20Drive/iTunes/TV%20Shows/Greys%20Anatomy/Season%2010/Greys%20Anatomy%20s10%20e05.m4v', '0', '1130', 2, 5, 0),
(3366, 'Greys Anatomy s10 e06', 'file:///Volumes/2TB%20Drive/iTunes/TV%20Shows/Greys%20Anatomy/Season%2010/Greys%20Anatomy%20s10%20e06.m4v', '0', '1130', 2, 6, 0),
(3367, 'Greys Anatomy s10 e07', 'file:///Volumes/2TB%20Drive/iTunes/TV%20Shows/Greys%20Anatomy/Season%2010/Greys%20Anatomy%20s10%20e07.m4v', '0', '1130', 2, 7, 0),
(3368, 'Greys Anatomy s10 e08', 'file:///Volumes/2TB%20Drive/iTunes/TV%20Shows/Greys%20Anatomy/Season%2010/Greys%20Anatomy%20s10%20e08.m4v', '0', '1130', 2, 8, 0),
(3369, 'Greys Anatomy s10 e01 & e02', 'file:///Volumes/2TB%20Drive/iTunes/TV%20Shows/Greys%20Anatomy/Season%2010/Greys%20Anatomy%20s10%20e01%20&%20e02.m4v', '0', '1130', 2, 1, 0),
(3380, 'Merlin s05e02', 'file:///Volumes/2TB%20Drive/iTunes/TV%20Shows/Merlin/Season%205/Merlin%20s05e02.m4v', '0', '967', 2, 2, 0),
(3381, 'Merlin s05e01', 'file:///Volumes/2TB%20Drive/iTunes/TV%20Shows/Merlin/Season%205/Merlin%20s05e01.m4v', '0', '967', 2, 1, 0),
(3382, 'Merlin s05e03', 'file:///Volumes/2TB%20Drive/iTunes/TV%20Shows/Merlin/Season%205/Merlin%20s05e03.m4v', '0', '967', 2, 3, 0),
(3383, 'Merlin s05e04', 'file:///Volumes/2TB%20Drive/iTunes/TV%20Shows/Merlin/Season%205/Merlin%20s05e04.m4v', '0', '967', 2, 4, 0),
(3384, 'Merlin s05e05', 'file:///Volumes/2TB%20Drive/iTunes/TV%20Shows/Merlin/Season%205/Merlin%20s05e05.m4v', '0', '967', 2, 5, 0),
(3385, 'Merlin s05e06', 'file:///Volumes/2TB%20Drive/iTunes/TV%20Shows/Merlin/Season%205/Merlin%20s05e06.m4v', '0', '967', 2, 6, 0),
(3386, 'Merlin s05e07', 'file:///Volumes/2TB%20Drive/iTunes/TV%20Shows/Merlin/Season%205/Merlin%20s05e07.m4v', '0', '967', 2, 7, 0),
(3387, 'Merlin s05e08', 'file:///Volumes/2TB%20Drive/iTunes/TV%20Shows/Merlin/Season%205/Merlin%20s05e08.m4v', '0', '967', 2, 8, 0);
INSERT INTO `main` (`id`, `title`, `path`, `genre`, `group`, `type`, `series_num`, `tv_season`) VALUES
(3388, 'Merlin s05e09', 'file:///Volumes/2TB%20Drive/iTunes/TV%20Shows/Merlin/Season%205/Merlin%20s05e09.m4v', '0', '967', 2, 9, 0),
(3389, 'Merlin s05e10', 'file:///Volumes/2TB%20Drive/iTunes/TV%20Shows/Merlin/Season%205/Merlin%20s05e10.m4v', '0', '967', 2, 10, 0),
(3390, 'Merlin s05e11', 'file:///Volumes/2TB%20Drive/iTunes/TV%20Shows/Merlin/Season%205/Merlin%20s05e11.m4v', '0', '967', 2, 11, 0),
(3391, 'Merlin s05e12', 'file:///Volumes/2TB%20Drive/iTunes/TV%20Shows/Merlin/Season%205/Merlin%20s05e12.m4v', '0', '967', 2, 12, 0),
(3392, 'Merlin s05e13', 'file:///Volumes/2TB%20Drive/iTunes/TV%20Shows/Merlin/Season%205/Merlin%20s05e13.m4v', '0', '967', 2, 13, 0),
(3399, 'E04', 'file:///Volumes/2TB%20Drive/iTunes/TV%20Shows/Breaking%20Bad/Season%201/E04.m4v', '0', '1352', 2, 4, 0),
(3400, 'E05', 'file:///Volumes/2TB%20Drive/iTunes/TV%20Shows/Breaking%20Bad/Season%201/E05.m4v', '0', '1352', 2, 5, 0),
(3401, 'E06', 'file:///Volumes/2TB%20Drive/iTunes/TV%20Shows/Breaking%20Bad/Season%201/E06.m4v', '0', '1352', 2, 6, 0),
(3407, 'The Big Bang Theory S07E18', 'file:///Volumes/2TB%20Drive/iTunes/TV%20Shows/The%20Big%20Bang%20Theory/Season%207/The%20Big%20Bang%20Theory%20S07E18.mp4', '0', '1008', 2, 18, 0),
(3408, 'The Big Bang Theory S07E19', 'file:///Volumes/2TB%20Drive/iTunes/TV%20Shows/The%20Big%20Bang%20Theory/Season%207/The%20Big%20Bang%20Theory%20S07E19.mp4', '0', '1008', 2, 19, 0),
(3409, 'The Big Bang Theory S07E20', 'file:///Volumes/2TB%20Drive/iTunes/TV%20Shows/The%20Big%20Bang%20Theory/Season%207/The%20Big%20Bang%20Theory%20S07E20.mp4', '0', '1008', 2, 20, 0),
(3410, 'The Big Bang Theory S07E21', 'file:///Volumes/2TB%20Drive/iTunes/TV%20Shows/The%20Big%20Bang%20Theory/Season%207/The%20Big%20Bang%20Theory%20S07E21.mp4', '0', '1008', 2, 21, 0),
(3411, 'The Big Bang Theory S07E22', 'file:///Volumes/2TB%20Drive/iTunes/TV%20Shows/The%20Big%20Bang%20Theory/Season%207/The%20Big%20Bang%20Theory%20S07E22.mp4', '0', '1008', 2, 22, 0),
(3412, 'The Big Bang Theory S07E23', 'file:///Volumes/2TB%20Drive/iTunes/TV%20Shows/The%20Big%20Bang%20Theory/Season%207/The%20Big%20Bang%20Theory%20S07E23.mp4', '0', '1008', 2, 23, 0),
(3413, 'The Big Bang Theory S07E24', 'file:///Volumes/2TB%20Drive/iTunes/TV%20Shows/The%20Big%20Bang%20Theory/Season%207/The%20Big%20Bang%20Theory%20S07E24.mp4', '0', '1008', 2, 24, 0),
(3414, 'Breaking Bad S02E01', 'file:///Volumes/2TB%20Drive/iTunes/TV%20Shows/Breaking%20Bad/Season%202/Breaking%20Bad%20S02E01.mp4', '0', '1352', 2, 1, 0),
(3415, 'Breaking Bad S02E03', 'file:///Volumes/2TB%20Drive/iTunes/TV%20Shows/Breaking%20Bad/Season%202/Breaking%20Bad%20S02E03.mp4', '0', '1352', 2, 3, 0),
(3416, 'Breaking Bad S02E04', 'file:///Volumes/2TB%20Drive/iTunes/TV%20Shows/Breaking%20Bad/Season%202/Breaking%20Bad%20S02E04.mp4', '0', '1352', 2, 4, 0),
(3417, 'Breaking Bad S02E05', 'file:///Volumes/2TB%20Drive/iTunes/TV%20Shows/Breaking%20Bad/Season%202/Breaking%20Bad%20S02E05.mp4', '0', '1352', 2, 5, 0),
(3418, 'Breaking Bad S02E06', 'file:///Volumes/2TB%20Drive/iTunes/TV%20Shows/Breaking%20Bad/Season%202/Breaking%20Bad%20S02E06.mp4', '0', '1352', 2, 6, 0),
(3419, 'E07', 'file:///Volumes/2TB%20Drive/iTunes/TV%20Shows/Breaking%20Bad/Season%201/E07.m4v', '0', '1352', 2, 7, 0),
(3421, 'Breaking Bad S02E07', 'file:///Volumes/2TB%20Drive/iTunes/TV%20Shows/Breaking%20Bad/Season%202/Breaking%20Bad%20S02E07.mp4', '0', '1352', 2, 7, 0),
(3422, 'Breaking Bad S02E08', 'file:///Volumes/2TB%20Drive/iTunes/TV%20Shows/Breaking%20Bad/Season%202/Breaking%20Bad%20S02E08.mp4', '0', '1352', 2, 8, 0),
(3423, 'Breaking Bad S02E09', 'file:///Volumes/2TB%20Drive/iTunes/TV%20Shows/Breaking%20Bad/Season%202/Breaking%20Bad%20S02E09.mp4', '0', '1352', 2, 9, 0),
(3424, 'Breaking Bad S02E10', 'file:///Volumes/2TB%20Drive/iTunes/TV%20Shows/Breaking%20Bad/Season%202/Breaking%20Bad%20S02E10.mp4', '0', '1352', 2, 10, 0),
(3425, 'Breaking Bad S02E11', 'file:///Volumes/2TB%20Drive/iTunes/TV%20Shows/Breaking%20Bad/Season%202/Breaking%20Bad%20S02E11.mp4', '0', '1352', 2, 11, 0),
(3426, 'Breaking Bad S02E12', 'file:///Volumes/2TB%20Drive/iTunes/TV%20Shows/Breaking%20Bad/Season%202/Breaking%20Bad%20S02E12.mp4', '0', '1352', 2, 12, 0),
(3427, 'Breaking Bad S02E13', 'file:///Volumes/2TB%20Drive/iTunes/TV%20Shows/Breaking%20Bad/Season%202/Breaking%20Bad%20S02E13.mp4', '0', '1352', 2, 13, 0),
(3429, 'Blood Out', 'file:///Volumes/2TB%20Drive/iTunes/TV%20Shows/CSI%20NY/Season%209/Blood%20Out.m4v', '0', '344', 2, 9, 0),
(3435, 'S05E01', 'file:///Volumes/2TB%20Drive/iTunes/TV%20Shows/Rookie%20Blue/Season%205/S05E01.m4v', '0', '859', 2, 1, 0),
(3436, 'S05E02', 'file:///Volumes/2TB%20Drive/iTunes/TV%20Shows/Rookie%20Blue/Season%205/S05E02.m4v', '0', '859', 2, 2, 0),
(3437, 'S05E03', 'file:///Volumes/2TB%20Drive/iTunes/TV%20Shows/Rookie%20Blue/Season%205/S05E03.m4v', '0', '859', 2, 3, 0),
(3439, 'S05E04', 'file:///Volumes/2TB%20Drive/iTunes/TV%20Shows/Rookie%20Blue/Season%205/S05E04.m4v', '0', '859', 2, 4, 0),
(3440, 'S05E05', 'file:///Volumes/2TB%20Drive/iTunes/TV%20Shows/Rookie%20Blue/Season%205/S05E05.m4v', '0', '859', 2, 5, 0),
(3441, 'Misconceptions', 'file:///Volumes/2TB%20Drive/iTunes/TV%20Shows/CSI%20NY/Season%209/Misconceptions.m4v', '0', '344', 2, 5, 0),
(3442, 'The Lady in the Lake', 'file:///Volumes/2TB%20Drive/iTunes/TV%20Shows/CSI%20NY/Season%209/The%20Lady%20in%20the%20Lake.m4v', '0', '344', 2, 6, 0),
(3443, 'Clue: SI', 'file:///Volumes/2TB%20Drive/iTunes/TV%20Shows/CSI%20NY/Season%209/Clue_%20SI.m4v', '0', '344', 2, 7, 0),
(3444, 'Late Admissions', 'file:///Volumes/2TB%20Drive/iTunes/TV%20Shows/CSI%20NY/Season%209/Late%20Admissions.m4v', '0', '344', 2, 8, 0),
(3445, 'The Real McCoy', 'file:///Volumes/2TB%20Drive/iTunes/TV%20Shows/CSI%20NY/Season%209/The%20Real%20McCoy.m4v', '0', '344', 2, 10, 0),
(3446, 'CHIGLEY 01', 'file:///Volumes/2TB%20Drive/iTunes/TV%20Shows/Trumptonshire/Season%203/CHIGLEY%2001.m4v', '0', '1363', 2, 0, 0),
(3447, 'CHIGLEY 02', 'file:///Volumes/2TB%20Drive/iTunes/TV%20Shows/Trumptonshire/Season%203/CHIGLEY%2002.m4v', '0', '1363', 2, 0, 0),
(3448, 'CHIGLEY 03', 'file:///Volumes/2TB%20Drive/iTunes/TV%20Shows/Trumptonshire/Season%203/CHIGLEY%2003.m4v', '0', '1363', 2, 0, 0),
(3449, 'CHIGLEY 04', 'file:///Volumes/2TB%20Drive/iTunes/TV%20Shows/Trumptonshire/Season%203/CHIGLEY%2004.m4v', '0', '1363', 2, 0, 0),
(3450, 'CHIGLEY 05', 'file:///Volumes/2TB%20Drive/iTunes/TV%20Shows/Trumptonshire/Season%203/CHIGLEY%2005.m4v', '0', '1363', 2, 0, 0),
(3451, 'CHIGLEY 06', 'file:///Volumes/2TB%20Drive/iTunes/TV%20Shows/Trumptonshire/Season%203/CHIGLEY%2006.m4v', '0', '1363', 2, 0, 0),
(3452, 'CHIGLEY 07', 'file:///Volumes/2TB%20Drive/iTunes/TV%20Shows/Trumptonshire/Season%203/CHIGLEY%2007.m4v', '0', '1363', 2, 0, 0),
(3453, 'CHIGLEY 08', 'file:///Volumes/2TB%20Drive/iTunes/TV%20Shows/Trumptonshire/Season%203/CHIGLEY%2008.m4v', '0', '1363', 2, 0, 0),
(3454, 'CHIGLEY 09', 'file:///Volumes/2TB%20Drive/iTunes/TV%20Shows/Trumptonshire/Season%203/CHIGLEY%2009.m4v', '0', '1363', 2, 0, 0),
(3455, 'CHIGLEY 10', 'file:///Volumes/2TB%20Drive/iTunes/TV%20Shows/Trumptonshire/Season%203/CHIGLEY%2010.m4v', '0', '1363', 2, 0, 0),
(3456, 'CHIGLEY 11', 'file:///Volumes/2TB%20Drive/iTunes/TV%20Shows/Trumptonshire/Season%203/CHIGLEY%2011.m4v', '0', '1363', 2, 0, 0),
(3457, 'CHIGLEY 12', 'file:///Volumes/2TB%20Drive/iTunes/TV%20Shows/Trumptonshire/Season%203/CHIGLEY%2012.m4v', '0', '1363', 2, 0, 0),
(3458, 'CHIGLEY 13', 'file:///Volumes/2TB%20Drive/iTunes/TV%20Shows/Trumptonshire/Season%203/CHIGLEY%2013.m4v', '0', '1363', 2, 0, 0),
(3460, 'S05E06', 'file:///Volumes/2TB%20Drive/iTunes/TV%20Shows/Rookie%20Blue/Season%205/S05E06.m4v', '0', '859', 2, 6, 0),
(3461, 'S05E07', 'file:///Volumes/2TB%20Drive/iTunes/TV%20Shows/Rookie%20Blue/Season%205/S05E07.m4v', '0', '859', 2, 7, 0),
(3462, 'Civilized Lies', 'file:///Volumes/2TB%20Drive/iTunes/TV%20Shows/CSI%20NY/Season%209/Civilized%20Lies.mp4', '0', '344', 2, 12, 0),
(3463, 'Command+P', 'file:///Volumes/2TB%20Drive/iTunes/TV%20Shows/CSI%20NY/Season%209/Command+P.mp4', '0', '344', 2, 11, 0),
(3466, '01 The One After Ross Says Rachel', 'file:///Volumes/2TB%20Drive/iTunes/TV%20Shows/Friends/Season%205/01%20The%20One%20After%20Ross%20Says%20Rachel.m4v', '0', '1229', 2, 1, 0),
(3467, '02 The One with All the Kissing', 'file:///Volumes/2TB%20Drive/iTunes/TV%20Shows/Friends/Season%205/02%20The%20One%20with%20All%20the%20Kissing.m4v', '0', '1229', 2, 2, 0),
(3468, '03 The One with the Triplets', 'file:///Volumes/2TB%20Drive/iTunes/TV%20Shows/Friends/Season%205/03%20The%20One%20with%20the%20Triplets.m4v', '0', '1229', 2, 3, 0),
(3469, '04 The One Where Phoebe Hates PBS', 'file:///Volumes/2TB%20Drive/iTunes/TV%20Shows/Friends/Season%205/04%20The%20One%20Where%20Phoebe%20Hates%20PBS.m4v', '0', '1229', 2, 4, 0),
(3470, '05 The One with the Kips', 'file:///Volumes/2TB%20Drive/iTunes/TV%20Shows/Friends/Season%205/05%20The%20One%20with%20the%20Kips.m4v', '0', '1229', 2, 5, 0),
(3471, '06 The One with the Yeti', 'file:///Volumes/2TB%20Drive/iTunes/TV%20Shows/Friends/Season%205/06%20The%20One%20with%20the%20Yeti.m4v', '0', '1229', 2, 6, 0),
(3472, '07 The One Where Ross Moves In', 'file:///Volumes/2TB%20Drive/iTunes/TV%20Shows/Friends/Season%205/07%20The%20One%20Where%20Ross%20Moves%20In.m4v', '0', '1229', 2, 7, 0),
(3473, '08 The One with All the Thanksgivings', 'file:///Volumes/2TB%20Drive/iTunes/TV%20Shows/Friends/Season%205/08%20The%20One%20with%20All%20the%20Thanksgivings.m4v', '0', '1229', 2, 8, 0),
(3474, '09 The One with Ross''s Sandwich', 'file:///Volumes/2TB%20Drive/iTunes/TV%20Shows/Friends/Season%205/09%20The%20One%20with%20Ross''s%20Sandwich.m4v', '0', '1229', 2, 9, 0),
(3475, '10 The One with the Inappropriate Sister', 'file:///Volumes/2TB%20Drive/iTunes/TV%20Shows/Friends/Season%205/10%20The%20One%20with%20the%20Inappropriate%20Sister.m4v', '0', '1229', 2, 10, 0),
(3476, '11 The One with All the Resolutions', 'file:///Volumes/2TB%20Drive/iTunes/TV%20Shows/Friends/Season%205/11%20The%20One%20with%20All%20the%20Resolutions.m4v', '0', '1229', 2, 11, 0),
(3477, '12 The One with Chandler''s Work laugh', 'file:///Volumes/2TB%20Drive/iTunes/TV%20Shows/Friends/Season%205/12%20The%20One%20with%20Chandler''s%20Work%20laugh.m4v', '0', '1229', 2, 12, 0),
(3478, '13 The One with Joey''s Bag', 'file:///Volumes/2TB%20Drive/iTunes/TV%20Shows/Friends/Season%205/13%20The%20One%20with%20Joey''s%20Bag.m4v', '0', '1229', 2, 13, 0),
(3479, '14 The One Where Everybody Finds Out', 'file:///Volumes/2TB%20Drive/iTunes/TV%20Shows/Friends/Season%205/14%20The%20One%20Where%20Everybody%20Finds%20Out.m4v', '0', '1229', 2, 14, 0),
(3480, '15 The One with the Girl Who Hits Joey', 'file:///Volumes/2TB%20Drive/iTunes/TV%20Shows/Friends/Season%205/15%20The%20One%20with%20the%20Girl%20Who%20Hits%20Joey.m4v', '0', '1229', 2, 15, 0),
(3481, '16 The One with the Cop', 'file:///Volumes/2TB%20Drive/iTunes/TV%20Shows/Friends/Season%205/16%20The%20One%20with%20the%20Cop.m4v', '0', '1229', 2, 16, 0),
(3482, '17 The One with Rachel''s Inadvertant Kiss', 'file:///Volumes/2TB%20Drive/iTunes/TV%20Shows/Friends/Season%205/17%20The%20One%20with%20Rachel''s%20Inadvertant%20Kiss.m4v', '0', '1229', 2, 17, 0),
(3483, '18 The One Where Rachel Smokes', 'file:///Volumes/2TB%20Drive/iTunes/TV%20Shows/Friends/Season%205/18%20The%20One%20Where%20Rachel%20Smokes.m4v', '0', '1229', 2, 18, 0),
(3484, '19 The One Where Ross Can''t Flirt', 'file:///Volumes/2TB%20Drive/iTunes/TV%20Shows/Friends/Season%205/19%20The%20One%20Where%20Ross%20Can''t%20Flirt.m4v', '0', '1229', 2, 19, 0),
(3485, '20 The One with the Ride-Along', 'file:///Volumes/2TB%20Drive/iTunes/TV%20Shows/Friends/Season%205/20%20The%20One%20with%20the%20Ride-Along.m4v', '0', '1229', 2, 20, 0),
(3486, '21 The One with the Ball', 'file:///Volumes/2TB%20Drive/iTunes/TV%20Shows/Friends/Season%205/21%20The%20One%20with%20the%20Ball.m4v', '0', '1229', 2, 21, 0),
(3487, '22 The One with Joey''s Big Break', 'file:///Volumes/2TB%20Drive/iTunes/TV%20Shows/Friends/Season%205/22%20The%20One%20with%20Joey''s%20Big%20Break.m4v', '0', '1229', 2, 22, 0),
(3488, '23-4 The One in Vega Part 1 & 2', 'file:///Volumes/2TB%20Drive/iTunes/TV%20Shows/Friends/Season%205/23-4%20The%20One%20in%20Vega%20Part%201%20&%202.m4v', '0', '1229', 2, 23, 0),
(3489, 'Nine Thirteen', 'file:///Volumes/2TB%20Drive/iTunes/TV%20Shows/CSI%20NY/Season%209/Nine%20Thirteen.m4v', '0', '344', 2, 13, 0),
(3490, 'White Gold', 'file:///Volumes/2TB%20Drive/iTunes/TV%20Shows/CSI%20NY/Season%209/White%20Gold.m4v', '0', '344', 2, 14, 0),
(3491, 'Seth and Apep', 'file:///Volumes/2TB%20Drive/iTunes/TV%20Shows/CSI%20NY/Season%209/Seth%20and%20Apep.m4v', '0', '344', 2, 15, 0),
(3492, '01 The One After Vegas', 'file:///Volumes/2TB%20Drive/iTunes/TV%20Shows/Friends/Season%206/01%20The%20One%20After%20Vegas.m4v', '0', '1229', 2, 0, 0),
(3493, '02 The One Where Ross Hugs Rachel', 'file:///Volumes/2TB%20Drive/iTunes/TV%20Shows/Friends/Season%206/02%20The%20One%20Where%20Ross%20Hugs%20Rachel.m4v', '0', '1229', 2, 0, 0),
(3494, '03 The One With Ross''s Denial', 'file:///Volumes/2TB%20Drive/iTunes/TV%20Shows/Friends/Season%206/03%20The%20One%20With%20Ross''s%20Denial.m4v', '0', '1229', 2, 0, 0),
(3495, '04 The One Where Joey Losses His Insurance', 'file:///Volumes/2TB%20Drive/iTunes/TV%20Shows/Friends/Season%206/04%20The%20One%20Where%20Joey%20Losses%20His%20Insurance.m4v', '0', '1229', 2, 0, 0),
(3496, '05 The One With Joey''s Porsche', 'file:///Volumes/2TB%20Drive/iTunes/TV%20Shows/Friends/Season%206/05%20The%20One%20With%20Joey''s%20Porsche.m4v', '0', '1229', 2, 0, 0),
(3497, '06 The One On The Last Night', 'file:///Volumes/2TB%20Drive/iTunes/TV%20Shows/Friends/Season%206/06%20The%20One%20On%20The%20Last%20Night.m4v', '0', '1229', 2, 0, 0),
(3498, '07 The One Where Phoebe Runs', 'file:///Volumes/2TB%20Drive/iTunes/TV%20Shows/Friends/Season%206/07%20The%20One%20Where%20Phoebe%20Runs.m4v', '0', '1229', 2, 0, 0),
(3499, '08 The One With Ross''s Teeth', 'file:///Volumes/2TB%20Drive/iTunes/TV%20Shows/Friends/Season%206/08%20The%20One%20With%20Ross''s%20Teeth.m4v', '0', '1229', 2, 0, 0),
(3500, '09 The One Where Ross Got High', 'file:///Volumes/2TB%20Drive/iTunes/TV%20Shows/Friends/Season%206/09%20The%20One%20Where%20Ross%20Got%20High.m4v', '0', '1229', 2, 0, 0),
(3501, '10 The One With The Routine', 'file:///Volumes/2TB%20Drive/iTunes/TV%20Shows/Friends/Season%206/10%20The%20One%20With%20The%20Routine.m4v', '0', '1229', 2, 0, 0),
(3502, '11 The One With The Joke', 'file:///Volumes/2TB%20Drive/iTunes/TV%20Shows/Friends/Season%206/11%20The%20One%20With%20The%20Joke.m4v', '0', '1229', 2, 0, 0),
(3503, '12 The One With The Apothecary Table', 'file:///Volumes/2TB%20Drive/iTunes/TV%20Shows/Friends/Season%206/12%20The%20One%20With%20The%20Apothecary%20Table.m4v', '0', '1229', 2, 0, 0),
(3504, '13 The One With Rachel''s Sister', 'file:///Volumes/2TB%20Drive/iTunes/TV%20Shows/Friends/Season%206/13%20The%20One%20With%20Rachel''s%20Sister.m4v', '0', '1229', 2, 0, 0),
(3505, '14 The One Where Chandler Can''t Cry', 'file:///Volumes/2TB%20Drive/iTunes/TV%20Shows/Friends/Season%206/14%20The%20One%20Where%20Chandler%20Can''t%20Cry.m4v', '0', '1229', 2, 0, 0),
(3506, '15 The One That Could Have Been Part 1', 'file:///Volumes/2TB%20Drive/iTunes/TV%20Shows/Friends/Season%206/15%20The%20One%20That%20Could%20Have%20Been%20Part%201.m4v', '0', '1229', 2, 0, 0),
(3507, '16 The One That Could Have Been Part 2', 'file:///Volumes/2TB%20Drive/iTunes/TV%20Shows/Friends/Season%206/16%20The%20One%20That%20Could%20Have%20Been%20Part%202.m4v', '0', '1229', 2, 0, 0),
(3508, '17 The One With Unagi', 'file:///Volumes/2TB%20Drive/iTunes/TV%20Shows/Friends/Season%206/17%20The%20One%20With%20Unagi.m4v', '0', '1229', 2, 0, 0),
(3509, '18 The One Where Ross Dates A Student', 'file:///Volumes/2TB%20Drive/iTunes/TV%20Shows/Friends/Season%206/18%20The%20One%20Where%20Ross%20Dates%20A%20Student.m4v', '0', '1229', 2, 0, 0),
(3510, '19 The One With Joey''s Fridge', 'file:///Volumes/2TB%20Drive/iTunes/TV%20Shows/Friends/Season%206/19%20The%20One%20With%20Joey''s%20Fridge.m4v', '0', '1229', 2, 0, 0),
(3511, '20 The One With Mac And C.H.E.E.S.E.', 'file:///Volumes/2TB%20Drive/iTunes/TV%20Shows/Friends/Season%206/20%20The%20One%20With%20Mac%20And%20C.H.E.E.S.E..m4v', '0', '1229', 2, 0, 0),
(3512, '21 The One Where Ross Meets Elizabeth''s Dad', 'file:///Volumes/2TB%20Drive/iTunes/TV%20Shows/Friends/Season%206/21%20The%20One%20Where%20Ross%20Meets%20Elizabeth''s%20Dad.m4v', '0', '1229', 2, 0, 0),
(3513, '22 The One Where Paul''s The Man', 'file:///Volumes/2TB%20Drive/iTunes/TV%20Shows/Friends/Season%206/22%20The%20One%20Where%20Paul''s%20The%20Man.m4v', '0', '1229', 2, 0, 0),
(3514, '23 The One With The Ring', 'file:///Volumes/2TB%20Drive/iTunes/TV%20Shows/Friends/Season%206/23%20The%20One%20With%20The%20Ring.m4v', '0', '1229', 2, 0, 0),
(3515, '24 The One With The Proposal Part 1', 'file:///Volumes/2TB%20Drive/iTunes/TV%20Shows/Friends/Season%206/24%20The%20One%20With%20The%20Proposal%20Part%201.m4v', '0', '1229', 2, 0, 0),
(3516, '25 The One With The Proposal Part 2', 'file:///Volumes/2TB%20Drive/iTunes/TV%20Shows/Friends/Season%206/25%20The%20One%20With%20The%20Proposal%20Part%202.m4v', '0', '1229', 2, 0, 0),
(3517, 'CSI.S13E03', 'file:///Volumes/2TB%20Drive/iTunes/TV%20Shows/CSI/Season%2013/CSI.S13E03.m4v', '0', '582', 2, 3, 0),
(3518, 'CSI.S13E04', 'file:///Volumes/2TB%20Drive/iTunes/TV%20Shows/CSI/Season%2013/CSI.S13E04.m4v', '0', '582', 2, 4, 0),
(3519, 'Blood Actually', 'file:///Volumes/2TB%20Drive/iTunes/TV%20Shows/CSI%20NY/Season%209/Blood%20Actually.m4v', '0', '344', 2, 16, 0),
(3520, 'Today is Life', 'file:///Volumes/2TB%20Drive/iTunes/TV%20Shows/CSI%20NY/Season%209/Today%20is%20Life.m4v', '0', '344', 2, 17, 0),
(3523, 'CSI.S13E05', 'file:///Volumes/2TB%20Drive/iTunes/TV%20Shows/CSI/Season%2013/CSI.S13E05.m4v', '0', '582', 2, 5, 0),
(3524, 'CSI.S13E06', 'file:///Volumes/2TB%20Drive/iTunes/TV%20Shows/CSI/Season%2013/CSI.S13E06.m4v', '0', '582', 2, 6, 0),
(3525, 'CSI.S13E07', 'file:///Volumes/2TB%20Drive/iTunes/TV%20Shows/CSI/Season%2013/CSI.S13E07.m4v', '0', '582', 2, 7, 0),
(3527, '01 The One With Monica''s Thunder', 'file:///Volumes/2TB%20Drive/iTunes/TV%20Shows/Friends/Season%207/01%20The%20One%20With%20Monica''s%20Thunder.m4v', '0', '1229', 2, 1, 0),
(3528, '02 The One With Rachel''s Book', 'file:///Volumes/2TB%20Drive/iTunes/TV%20Shows/Friends/Season%207/02%20The%20One%20With%20Rachel''s%20Book.m4v', '0', '1229', 2, 2, 0),
(3529, '03 The One With Phoebe''s Cookies', 'file:///Volumes/2TB%20Drive/iTunes/TV%20Shows/Friends/Season%207/03%20The%20One%20With%20Phoebe''s%20Cookies.m4v', '0', '1229', 2, 3, 0),
(3530, '04 The One With Rachel''s Assistant', 'file:///Volumes/2TB%20Drive/iTunes/TV%20Shows/Friends/Season%207/04%20The%20One%20With%20Rachel''s%20Assistant.m4v', '0', '1229', 2, 4, 0),
(3531, '05 The One With The Engagement Party', 'file:///Volumes/2TB%20Drive/iTunes/TV%20Shows/Friends/Season%207/05%20The%20One%20With%20The%20Engagement%20Party.m4v', '0', '1229', 2, 5, 0),
(3532, '06 The One With The Nap Partners', 'file:///Volumes/2TB%20Drive/iTunes/TV%20Shows/Friends/Season%207/06%20The%20One%20With%20The%20Nap%20Partners.m4v', '0', '1229', 2, 6, 0),
(3533, '07 The One With Ross''s Library Book', 'file:///Volumes/2TB%20Drive/iTunes/TV%20Shows/Friends/Season%207/07%20The%20One%20With%20Ross''s%20Library%20Book.m4v', '0', '1229', 2, 7, 0),
(3534, '08 The One Where Chandler Doesn''t Like Dogs', 'file:///Volumes/2TB%20Drive/iTunes/TV%20Shows/Friends/Season%207/08%20The%20One%20Where%20Chandler%20Doesn''t%20Like%20Dogs.m4v', '0', '1229', 2, 8, 0),
(3535, '09 The One With All The Candy', 'file:///Volumes/2TB%20Drive/iTunes/TV%20Shows/Friends/Season%207/09%20The%20One%20With%20All%20The%20Candy.m4v', '0', '1229', 2, 9, 0),
(3536, '10 The One With The Holiday Armadillo', 'file:///Volumes/2TB%20Drive/iTunes/TV%20Shows/Friends/Season%207/10%20The%20One%20With%20The%20Holiday%20Armadillo.m4v', '0', '1229', 2, 10, 0),
(3537, '11 The One With All The Cheescakes', 'file:///Volumes/2TB%20Drive/iTunes/TV%20Shows/Friends/Season%207/11%20The%20One%20With%20All%20The%20Cheescakes.m4v', '0', '1229', 2, 11, 0),
(3538, '12 The One Where They Are Up All Night', 'file:///Volumes/2TB%20Drive/iTunes/TV%20Shows/Friends/Season%207/12%20The%20One%20Where%20They%20Are%20Up%20All%20Night.m4v', '0', '1229', 2, 12, 0),
(3539, '13 The One Where Rosita Dies', 'file:///Volumes/2TB%20Drive/iTunes/TV%20Shows/Friends/Season%207/13%20The%20One%20Where%20Rosita%20Dies.m4v', '0', '1229', 2, 13, 0),
(3540, '14 The One Where They All Turn Thirty', 'file:///Volumes/2TB%20Drive/iTunes/TV%20Shows/Friends/Season%207/14%20The%20One%20Where%20They%20All%20Turn%20Thirty.m4v', '0', '1229', 2, 14, 0),
(3541, '15 The One With Joey''s New Brain', 'file:///Volumes/2TB%20Drive/iTunes/TV%20Shows/Friends/Season%207/15%20The%20One%20With%20Joey''s%20New%20Brain.m4v', '0', '1229', 2, 15, 0),
(3542, '16 The One With The Truth About London', 'file:///Volumes/2TB%20Drive/iTunes/TV%20Shows/Friends/Season%207/16%20The%20One%20With%20The%20Truth%20About%20London.m4v', '0', '1229', 2, 16, 0),
(3543, '17 The One With The Cheap Wedding Dress', 'file:///Volumes/2TB%20Drive/iTunes/TV%20Shows/Friends/Season%207/17%20The%20One%20With%20The%20Cheap%20Wedding%20Dress.m4v', '0', '1229', 2, 17, 0),
(3544, '18 The One With Joey''s Award', 'file:///Volumes/2TB%20Drive/iTunes/TV%20Shows/Friends/Season%207/18%20The%20One%20With%20Joey''s%20Award.m4v', '0', '1229', 2, 18, 0),
(3545, '19 The One With Ross And Monica''s Cousin', 'file:///Volumes/2TB%20Drive/iTunes/TV%20Shows/Friends/Season%207/19%20The%20One%20With%20Ross%20And%20Monica''s%20Cousin.m4v', '0', '1229', 2, 19, 0),
(3546, '20 The One With Rachel''s Big Kiss', 'file:///Volumes/2TB%20Drive/iTunes/TV%20Shows/Friends/Season%207/20%20The%20One%20With%20Rachel''s%20Big%20Kiss.m4v', '0', '1229', 2, 20, 0),
(3547, '21 The One With The Vows', 'file:///Volumes/2TB%20Drive/iTunes/TV%20Shows/Friends/Season%207/21%20The%20One%20With%20The%20Vows.m4v', '0', '1229', 2, 21, 0),
(3548, '22 The One With Chandler''s Dad', 'file:///Volumes/2TB%20Drive/iTunes/TV%20Shows/Friends/Season%207/22%20The%20One%20With%20Chandler''s%20Dad.m4v', '0', '1229', 2, 22, 0),
(3549, '23 The One With Monica and Chandler''s Wedding Part 1', 'file:///Volumes/2TB%20Drive/iTunes/TV%20Shows/Friends/Season%207/23%20The%20One%20With%20Monica%20and%20Chandler''s%20Wedding%20Part%201.m4v', '0', '1229', 2, 23, 0),
(3550, '24 The One With Monica and Chandler''s Wedding Part 2', 'file:///Volumes/2TB%20Drive/iTunes/TV%20Shows/Friends/Season%207/24%20The%20One%20With%20Monica%20and%20Chandler''s%20Wedding%20Part%202.m4v', '0', '1229', 2, 24, 0),
(3551, 'CSI.S13E09', 'file:///Volumes/2TB%20Drive/iTunes/TV%20Shows/CSI/Season%2013/CSI.S13E09.m4v', '0', '582', 2, 9, 0),
(3552, 'CSI.S13E08', 'file:///Volumes/2TB%20Drive/iTunes/TV%20Shows/CSI/Season%2013/CSI.S13E08.m4v', '0', '582', 2, 8, 0),
(3553, 'CSI.S13E10', 'file:///Volumes/2TB%20Drive/iTunes/TV%20Shows/CSI/Season%2013/CSI.S13E10.m4v', '0', '582', 2, 10, 0),
(3554, 'The One After "I Do"', 'file:///Volumes/2TB%20Drive/iTunes/TV%20Shows/Friends/Season%208/The%20One%20After%20_I%20Do_.m4v', '0', '1229', 2, 1, 0),
(3555, 'The One With The Red Sweater', 'file:///Volumes/2TB%20Drive/iTunes/TV%20Shows/Friends/Season%208/The%20One%20With%20The%20Red%20Sweater.m4v', '0', '1229', 2, 2, 0),
(3556, 'The One Where Rachel Tells Ross', 'file:///Volumes/2TB%20Drive/iTunes/TV%20Shows/Friends/Season%208/The%20One%20Where%20Rachel%20Tells%20Ross.m4v', '0', '1229', 2, 3, 0),
(3557, 'The One With The Videotape', 'file:///Volumes/2TB%20Drive/iTunes/TV%20Shows/Friends/Season%208/The%20One%20With%20The%20Videotape.m4v', '0', '1229', 2, 4, 0),
(3558, 'The One With Rachel''s Date', 'file:///Volumes/2TB%20Drive/iTunes/TV%20Shows/Friends/Season%208/The%20One%20With%20Rachel''s%20Date.m4v', '0', '1229', 2, 5, 0),
(3559, 'The One With The Halloween Party', 'file:///Volumes/2TB%20Drive/iTunes/TV%20Shows/Friends/Season%208/The%20One%20With%20The%20Halloween%20Party.m4v', '0', '1229', 2, 6, 0),
(3560, 'The One With The Stain', 'file:///Volumes/2TB%20Drive/iTunes/TV%20Shows/Friends/Season%208/The%20One%20With%20The%20Stain.m4v', '0', '1229', 2, 7, 0),
(3561, 'The One With The Stripper', 'file:///Volumes/2TB%20Drive/iTunes/TV%20Shows/Friends/Season%208/The%20One%20With%20The%20Stripper.m4v', '0', '1229', 2, 8, 0),
(3562, 'The One With The Rumour', 'file:///Volumes/2TB%20Drive/iTunes/TV%20Shows/Friends/Season%208/The%20One%20With%20The%20Rumour.m4v', '0', '1229', 2, 9, 0),
(3563, 'The One With Monica''s Boots', 'file:///Volumes/2TB%20Drive/iTunes/TV%20Shows/Friends/Season%208/The%20One%20With%20Monica''s%20Boots.m4v', '0', '1229', 2, 10, 0),
(3564, 'The One With Ross''s Step Forward', 'file:///Volumes/2TB%20Drive/iTunes/TV%20Shows/Friends/Season%208/The%20One%20With%20Ross''s%20Step%20Forward.m4v', '0', '1229', 2, 11, 0),
(3565, 'The One Where Joey Dates Rachel', 'file:///Volumes/2TB%20Drive/iTunes/TV%20Shows/Friends/Season%208/The%20One%20Where%20Joey%20Dates%20Rachel.m4v', '0', '1229', 2, 12, 0),
(3566, 'The One Where Chandler Takes A Bath', 'file:///Volumes/2TB%20Drive/iTunes/TV%20Shows/Friends/Season%208/The%20One%20Where%20Chandler%20Takes%20A%20Bath.m4v', '0', '1229', 2, 13, 0),
(3567, 'The One With The Secret Closet', 'file:///Volumes/2TB%20Drive/iTunes/TV%20Shows/Friends/Season%208/The%20One%20With%20The%20Secret%20Closet.m4v', '0', '1229', 2, 14, 0),
(3568, 'The One With The Birthday Video', 'file:///Volumes/2TB%20Drive/iTunes/TV%20Shows/Friends/Season%208/The%20One%20With%20The%20Birthday%20Video.m4v', '0', '1229', 2, 15, 0),
(3569, 'The One Where Joey Tells Rachel', 'file:///Volumes/2TB%20Drive/iTunes/TV%20Shows/Friends/Season%208/The%20One%20Where%20Joey%20Tells%20Rachel.m4v', '0', '1229', 2, 16, 0),
(3570, 'The One With The Tea Leaves', 'file:///Volumes/2TB%20Drive/iTunes/TV%20Shows/Friends/Season%208/The%20One%20With%20The%20Tea%20Leaves.m4v', '0', '1229', 2, 17, 0),
(3571, 'The One In Massapequa', 'file:///Volumes/2TB%20Drive/iTunes/TV%20Shows/Friends/Season%208/The%20One%20In%20Massapequa.m4v', '0', '1229', 2, 18, 0),
(3572, 'The One With Joey''s Interview', 'file:///Volumes/2TB%20Drive/iTunes/TV%20Shows/Friends/Season%208/The%20One%20With%20Joey''s%20Interview.m4v', '0', '1229', 2, 19, 0),
(3573, 'The One With The Baby Shower', 'file:///Volumes/2TB%20Drive/iTunes/TV%20Shows/Friends/Season%208/The%20One%20With%20The%20Baby%20Shower.m4v', '0', '1229', 2, 20, 0),
(3574, 'The One With The Cooking Class', 'file:///Volumes/2TB%20Drive/iTunes/TV%20Shows/Friends/Season%208/The%20One%20With%20The%20Cooking%20Class.m4v', '0', '1229', 2, 21, 0),
(3575, 'The One Where Rachel Is Late', 'file:///Volumes/2TB%20Drive/iTunes/TV%20Shows/Friends/Season%208/The%20One%20Where%20Rachel%20Is%20Late.m4v', '0', '1229', 2, 22, 0),
(3576, 'The One Where Rachel Has A Baby Part 1', 'file:///Volumes/2TB%20Drive/iTunes/TV%20Shows/Friends/Season%208/The%20One%20Where%20Rachel%20Has%20A%20Baby%20Part%201.m4v', '0', '1229', 2, 23, 0),
(3577, 'The One Where Rachel Has A Baby Part 2', 'file:///Volumes/2TB%20Drive/iTunes/TV%20Shows/Friends/Season%208/The%20One%20Where%20Rachel%20Has%20A%20Baby%20Part%202.m4v', '0', '1229', 2, 24, 0),
(3580, 'CSI.S13E11', 'file:///Volumes/2TB%20Drive/iTunes/TV%20Shows/CSI/Season%2013/CSI.S13E11.m4v', '0', '582', 2, 11, 0),
(3581, 'CSI.S13E12', 'file:///Volumes/2TB%20Drive/iTunes/TV%20Shows/CSI/Season%2013/CSI.S13E12.m4v', '0', '582', 2, 12, 0),
(3582, 'CSI.S13E13', 'file:///Volumes/2TB%20Drive/iTunes/TV%20Shows/CSI/Season%2013/CSI.S13E13.m4v', '0', '582', 2, 13, 0),
(3583, 'CSI.S13E14', 'file:///Volumes/2TB%20Drive/iTunes/TV%20Shows/CSI/Season%2013/CSI.S13E14.m4v', '0', '582', 2, 14, 0),
(3584, 'CSI.S13E15', 'file:///Volumes/2TB%20Drive/iTunes/TV%20Shows/CSI/Season%2013/CSI.S13E15.m4v', '0', '582', 2, 15, 0),
(3585, 'CSI.S13E16', 'file:///Volumes/2TB%20Drive/iTunes/TV%20Shows/CSI/Season%2013/CSI.S13E16.m4v', '0', '582', 2, 16, 0),
(3586, 'The One Where No One Proposes', 'file:///Volumes/2TB%20Drive/iTunes/TV%20Shows/Friends/Season%209/The%20One%20Where%20No%20One%20Proposes.m4v', '0', '1229', 2, 1, 0),
(3587, 'The One Where Emma Cries', 'file:///Volumes/2TB%20Drive/iTunes/TV%20Shows/Friends/Season%209/The%20One%20Where%20Emma%20Cries.m4v', '0', '1229', 2, 2, 0),
(3588, 'The One With The Pediatrician', 'file:///Volumes/2TB%20Drive/iTunes/TV%20Shows/Friends/Season%209/The%20One%20With%20The%20Pediatrician.m4v', '0', '1229', 2, 3, 0),
(3589, 'The One With The Sharks', 'file:///Volumes/2TB%20Drive/iTunes/TV%20Shows/Friends/Season%209/The%20One%20With%20The%20Sharks.m4v', '0', '1229', 2, 4, 0),
(3590, 'The One With Phoebe''s Birthday Dinner', 'file:///Volumes/2TB%20Drive/iTunes/TV%20Shows/Friends/Season%209/The%20One%20With%20Phoebe''s%20Birthday%20Dinner.m4v', '0', '1229', 2, 5, 0),
(3591, 'The One With The Male Nanny', 'file:///Volumes/2TB%20Drive/iTunes/TV%20Shows/Friends/Season%209/The%20One%20With%20The%20Male%20Nanny.m4v', '0', '1229', 2, 6, 0),
(3592, 'The One With Ross'' Innappropriate Song', 'file:///Volumes/2TB%20Drive/iTunes/TV%20Shows/Friends/Season%209/The%20One%20With%20Ross''%20Innappropriate%20Song.m4v', '0', '1229', 2, 7, 0),
(3593, 'The One With Rachel''s Other Sister', 'file:///Volumes/2TB%20Drive/iTunes/TV%20Shows/Friends/Season%209/The%20One%20With%20Rachel''s%20Other%20Sister.m4v', '0', '1229', 2, 8, 0),
(3594, 'The One With Rachel''s Phone Number', 'file:///Volumes/2TB%20Drive/iTunes/TV%20Shows/Friends/Season%209/The%20One%20With%20Rachel''s%20Phone%20Number.m4v', '0', '1229', 2, 9, 0),
(3595, 'The One With Christmas In Tulsa', 'file:///Volumes/2TB%20Drive/iTunes/TV%20Shows/Friends/Season%209/The%20One%20With%20Christmas%20In%20Tulsa.m4v', '0', '1229', 2, 10, 0),
(3596, 'The One Where Rachel Goes Back To Work', 'file:///Volumes/2TB%20Drive/iTunes/TV%20Shows/Friends/Season%209/The%20One%20Where%20Rachel%20Goes%20Back%20To%20Work.m4v', '0', '1229', 2, 11, 0),
(3597, 'The One With Phoebe''s Rats', 'file:///Volumes/2TB%20Drive/iTunes/TV%20Shows/Friends/Season%209/The%20One%20With%20Phoebe''s%20Rats.m4v', '0', '1229', 2, 12, 0),
(3598, 'The One Where Monica Sings', 'file:///Volumes/2TB%20Drive/iTunes/TV%20Shows/Friends/Season%209/The%20One%20Where%20Monica%20Sings.m4v', '0', '1229', 2, 13, 0),
(3599, 'The One With The Blind Date', 'file:///Volumes/2TB%20Drive/iTunes/TV%20Shows/Friends/Season%209/The%20One%20With%20The%20Blind%20Date.m4v', '0', '1229', 2, 14, 0),
(3600, 'The One With The Mugging', 'file:///Volumes/2TB%20Drive/iTunes/TV%20Shows/Friends/Season%209/The%20One%20With%20The%20Mugging.m4v', '0', '1229', 2, 15, 0),
(3601, 'The One With The Boob Job', 'file:///Volumes/2TB%20Drive/iTunes/TV%20Shows/Friends/Season%209/The%20One%20With%20The%20Boob%20Job.m4v', '0', '1229', 2, 16, 0),
(3602, 'The One With The Memorial Service', 'file:///Volumes/2TB%20Drive/iTunes/TV%20Shows/Friends/Season%209/The%20One%20With%20The%20Memorial%20Service.m4v', '0', '1229', 2, 17, 0),
(3603, 'The One With The Lottery', 'file:///Volumes/2TB%20Drive/iTunes/TV%20Shows/Friends/Season%209/The%20One%20With%20The%20Lottery.m4v', '0', '1229', 2, 18, 0),
(3604, 'The One With Rachel''s Dream', 'file:///Volumes/2TB%20Drive/iTunes/TV%20Shows/Friends/Season%209/The%20One%20With%20Rachel''s%20Dream.m4v', '0', '1229', 2, 19, 0),
(3605, 'The One With The Soap Opera Party', 'file:///Volumes/2TB%20Drive/iTunes/TV%20Shows/Friends/Season%209/The%20One%20With%20The%20Soap%20Opera%20Party.m4v', '0', '1229', 2, 20, 0),
(3606, 'The One With The Fertility Test', 'file:///Volumes/2TB%20Drive/iTunes/TV%20Shows/Friends/Season%209/The%20One%20With%20The%20Fertility%20Test.m4v', '0', '1229', 2, 21, 0),
(3607, 'The One With The Donor', 'file:///Volumes/2TB%20Drive/iTunes/TV%20Shows/Friends/Season%209/The%20One%20With%20The%20Donor.m4v', '0', '1229', 2, 22, 0),
(3608, 'The One In Barbados Part 1', 'file:///Volumes/2TB%20Drive/iTunes/TV%20Shows/Friends/Season%209/The%20One%20In%20Barbados%20Part%201.m4v', '0', '1229', 2, 23, 0),
(3609, 'The One In Barbados Part 2', 'file:///Volumes/2TB%20Drive/iTunes/TV%20Shows/Friends/Season%209/The%20One%20In%20Barbados%20Part%202.m4v', '0', '1229', 2, 24, 0),
(3612, 'The One After Joey And Rachel Kiss', 'file:///Volumes/2TB%20Drive/iTunes/TV%20Shows/Friends/Season%2010/The%20One%20After%20Joey%20And%20Rachel%20Kiss.m4v', '0', '1229', 2, 1, 0),
(3613, 'The One Where Ross Is Fine', 'file:///Volumes/2TB%20Drive/iTunes/TV%20Shows/Friends/Season%2010/The%20One%20Where%20Ross%20Is%20Fine.m4v', '0', '1229', 2, 2, 0),
(3614, 'The One With Ross'' Tan', 'file:///Volumes/2TB%20Drive/iTunes/TV%20Shows/Friends/Season%2010/The%20One%20With%20Ross''%20Tan.m4v', '0', '1229', 2, 3, 0),
(3615, 'The One With The Cake', 'file:///Volumes/2TB%20Drive/iTunes/TV%20Shows/Friends/Season%2010/The%20One%20With%20The%20Cake.m4v', '0', '1229', 2, 4, 0),
(3616, 'The One Where Rachel''s Sister Baby-sits', 'file:///Volumes/2TB%20Drive/iTunes/TV%20Shows/Friends/Season%2010/The%20One%20Where%20Rachel''s%20Sister%20Baby-sits.m4v', '0', '1229', 2, 5, 0),
(3617, 'The One With Ross'' Grant', 'file:///Volumes/2TB%20Drive/iTunes/TV%20Shows/Friends/Season%2010/The%20One%20With%20Ross''%20Grant.m4v', '0', '1229', 2, 6, 0),
(3618, 'The One With Home Study', 'file:///Volumes/2TB%20Drive/iTunes/TV%20Shows/Friends/Season%2010/The%20One%20With%20Home%20Study.m4v', '0', '1229', 2, 7, 0),
(3619, 'The One With The Late Thanksgiving', 'file:///Volumes/2TB%20Drive/iTunes/TV%20Shows/Friends/Season%2010/The%20One%20With%20The%20Late%20Thanksgiving.m4v', '0', '1229', 2, 8, 0),
(3620, 'The One With The Birth Mother', 'file:///Volumes/2TB%20Drive/iTunes/TV%20Shows/Friends/Season%2010/The%20One%20With%20The%20Birth%20Mother.m4v', '0', '1229', 2, 9, 0),
(3621, 'The One Where Chandler Gets Caught', 'file:///Volumes/2TB%20Drive/iTunes/TV%20Shows/Friends/Season%2010/The%20One%20Where%20Chandler%20Gets%20Caught.m4v', '0', '1229', 2, 10, 0),
(3622, 'The One Where The Stripper Cries', 'file:///Volumes/2TB%20Drive/iTunes/TV%20Shows/Friends/Season%2010/The%20One%20Where%20The%20Stripper%20Cries.m4v', '0', '1229', 2, 11, 0),
(3623, 'The One With Phoebe''s Wedding', 'file:///Volumes/2TB%20Drive/iTunes/TV%20Shows/Friends/Season%2010/The%20One%20With%20Phoebe''s%20Wedding%201.m4v', '0', '1229', 2, 12, 0),
(3624, 'The One Where Joey Speaks French', 'file:///Volumes/2TB%20Drive/iTunes/TV%20Shows/Friends/Season%2010/The%20One%20Where%20Joey%20Speaks%20French%201.m4v', '0', '1229', 2, 13, 0),
(3625, 'The One With Princess Consuela', 'file:///Volumes/2TB%20Drive/iTunes/TV%20Shows/Friends/Season%2010/The%20One%20With%20Princess%20Consuela%201.m4v', '0', '1229', 2, 14, 0),
(3626, 'The One Where Estelle Dies', 'file:///Volumes/2TB%20Drive/iTunes/TV%20Shows/Friends/Season%2010/The%20One%20Where%20Estelle%20Dies%201.m4v', '0', '1229', 2, 15, 0),
(3627, 'The One With Rachel''s Going Away Party', 'file:///Volumes/2TB%20Drive/iTunes/TV%20Shows/Friends/Season%2010/The%20One%20With%20Rachel''s%20Going%20Away%20Party%201.m4v', '0', '1229', 2, 16, 0),
(3628, 'The Last One Part 1 & 2', 'file:///Volumes/2TB%20Drive/iTunes/TV%20Shows/Friends/Season%2010/The%20Last%20One%20Part%201%20&%202.m4v', '0', '1229', 2, 17, 0),
(3629, 'CSI.S13E17', 'file:///Volumes/2TB%20Drive/iTunes/TV%20Shows/CSI/Season%2013/CSI.S13E17.mp4', '0', '582', 2, 17, 0),
(3630, 'CSI.S13E18', 'file:///Volumes/2TB%20Drive/iTunes/TV%20Shows/CSI/Season%2013/CSI.S13E18.mp4', '0', '582', 2, 18, 0),
(3631, 'CSI.S13E19', 'file:///Volumes/2TB%20Drive/iTunes/TV%20Shows/CSI/Season%2013/CSI.S13E19.mp4', '0', '582', 2, 19, 0),
(3632, '04', 'file:///Volumes/2TB%20Drive/iTunes/TV%20Shows/The%20Wiggles%20Singles/04.m4v', '0', '1622', 2, 4, 0),
(3633, '05', 'file:///Volumes/2TB%20Drive/iTunes/TV%20Shows/The%20Wiggles%20Singles/05.m4v', '0', '1622', 2, 5, 0),
(3634, '06', 'file:///Volumes/2TB%20Drive/iTunes/TV%20Shows/The%20Wiggles%20Singles/06.m4v', '0', '1622', 2, 6, 0),
(3635, '07', 'file:///Volumes/2TB%20Drive/iTunes/TV%20Shows/The%20Wiggles%20Singles/07.m4v', '0', '1622', 2, 7, 0),
(3636, '08', 'file:///Volumes/2TB%20Drive/iTunes/TV%20Shows/The%20Wiggles%20Singles/08.m4v', '0', '1622', 2, 8, 0),
(3637, '09', 'file:///Volumes/2TB%20Drive/iTunes/TV%20Shows/The%20Wiggles%20Singles/09.m4v', '0', '1622', 2, 9, 0),
(3638, '10', 'file:///Volumes/2TB%20Drive/iTunes/TV%20Shows/The%20Wiggles%20Singles/10.m4v', '0', '1622', 2, 10, 0),
(3639, '11', 'file:///Volumes/2TB%20Drive/iTunes/TV%20Shows/The%20Wiggles%20Singles/11.m4v', '0', '1622', 2, 11, 0),
(3640, '12', 'file:///Volumes/2TB%20Drive/iTunes/TV%20Shows/The%20Wiggles%20Singles/12.m4v', '0', '1622', 2, 12, 0),
(3641, '13', 'file:///Volumes/2TB%20Drive/iTunes/TV%20Shows/The%20Wiggles%20Singles/13.m4v', '0', '1622', 2, 13, 0),
(3642, '14', 'file:///Volumes/2TB%20Drive/iTunes/TV%20Shows/The%20Wiggles%20Singles/14.m4v', '0', '1622', 2, 14, 0),
(3643, '15', 'file:///Volumes/2TB%20Drive/iTunes/TV%20Shows/The%20Wiggles%20Singles/15.m4v', '0', '1622', 2, 15, 0),
(3644, '16', 'file:///Volumes/2TB%20Drive/iTunes/TV%20Shows/The%20Wiggles%20Singles/16.m4v', '0', '1622', 2, 16, 0),
(3645, '17', 'file:///Volumes/2TB%20Drive/iTunes/TV%20Shows/The%20Wiggles%20Singles/17.m4v', '0', '1622', 2, 17, 0),
(3646, '18', 'file:///Volumes/2TB%20Drive/iTunes/TV%20Shows/The%20Wiggles%20Singles/18.m4v', '0', '1622', 2, 18, 0),
(3647, '19', 'file:///Volumes/2TB%20Drive/iTunes/TV%20Shows/The%20Wiggles%20Singles/19.m4v', '0', '1622', 2, 19, 0),
(3648, '20', 'file:///Volumes/2TB%20Drive/iTunes/TV%20Shows/The%20Wiggles%20Singles/20.m4v', '0', '1622', 2, 20, 0),
(3649, '21', 'file:///Volumes/2TB%20Drive/iTunes/TV%20Shows/The%20Wiggles%20Singles/21.m4v', '0', '1622', 2, 21, 0),
(3650, '22', 'file:///Volumes/2TB%20Drive/iTunes/TV%20Shows/The%20Wiggles%20Singles/22.m4v', '0', '1622', 2, 22, 0),
(3651, '23', 'file:///Volumes/2TB%20Drive/iTunes/TV%20Shows/The%20Wiggles%20Singles/23.m4v', '0', '1622', 2, 23, 0),
(3652, '24', 'file:///Volumes/2TB%20Drive/iTunes/TV%20Shows/The%20Wiggles%20Singles/24.m4v', '0', '1622', 2, 24, 0),
(3653, '25', 'file:///Volumes/2TB%20Drive/iTunes/TV%20Shows/The%20Wiggles%20Singles/25.m4v', '0', '1622', 2, 25, 0),
(3654, '26', 'file:///Volumes/2TB%20Drive/iTunes/TV%20Shows/The%20Wiggles%20Singles/26.m4v', '0', '1622', 2, 26, 0),
(3655, '27', 'file:///Volumes/2TB%20Drive/iTunes/TV%20Shows/The%20Wiggles%20Singles/27.m4v', '0', '1622', 2, 27, 0),
(3656, '28', 'file:///Volumes/2TB%20Drive/iTunes/TV%20Shows/The%20Wiggles%20Singles/28.m4v', '0', '1622', 2, 28, 0),
(3657, '29', 'file:///Volumes/2TB%20Drive/iTunes/TV%20Shows/The%20Wiggles%20Singles/29.m4v', '0', '1622', 2, 29, 0),
(3658, '30', 'file:///Volumes/2TB%20Drive/iTunes/TV%20Shows/The%20Wiggles%20Singles/30.m4v', '0', '1622', 2, 30, 0),
(3659, '31', 'file:///Volumes/2TB%20Drive/iTunes/TV%20Shows/The%20Wiggles%20Singles/31.m4v', '0', '1622', 2, 31, 0),
(3660, '32', 'file:///Volumes/2TB%20Drive/iTunes/TV%20Shows/The%20Wiggles%20Singles/32.m4v', '0', '1622', 2, 32, 0),
(3661, '33', 'file:///Volumes/2TB%20Drive/iTunes/TV%20Shows/The%20Wiggles%20Singles/33.m4v', '0', '1622', 2, 33, 0),
(3662, '34', 'file:///Volumes/2TB%20Drive/iTunes/TV%20Shows/The%20Wiggles%20Singles/34.m4v', '0', '1622', 2, 34, 0),
(3663, '35', 'file:///Volumes/2TB%20Drive/iTunes/TV%20Shows/The%20Wiggles%20Singles/35.m4v', '0', '1622', 2, 35, 0),
(3664, 'Can You (Point Your Fingers And Do The Twist_)', 'file:///Volumes/2TB%20Drive/iTunes/TV%20Shows/The%20Wiggles%20Singles/Can%20You%20(Point%20Your%20Fingers%20And%20Do%20The%20Twist_).m4v', '0', '1622', 2, 2, 0),
(3665, 'Fruit Salad', 'file:///Volumes/2TB%20Drive/iTunes/TV%20Shows/The%20Wiggles%20Singles/Fruit%20Salad.m4v', '0', '1622', 2, 3, 0),
(3666, 'Hot Potato', 'file:///Volumes/2TB%20Drive/iTunes/TV%20Shows/The%20Wiggles%20Singles/Hot%20Potato.m4v', '0', '1622', 2, 1, 0),
(3669, 'CSI.S13E20', 'file:///Volumes/2TB%20Drive/iTunes/TV%20Shows/CSI/Season%2013/CSI.S13E20.mp4', '0', '582', 2, 20, 0),
(3670, 'CSI.S13E21', 'file:///Volumes/2TB%20Drive/iTunes/TV%20Shows/CSI/Season%2013/CSI.S13E21.mp4', '0', '582', 2, 21, 0),
(3671, 'The.Big.Bang.Theory.S08E01', 'file:///Volumes/2TB%20Drive/iTunes/TV%20Shows/The%20Big%20Bang%20Theory/Season%208/The.Big.Bang.Theory.S08E01.mp4', '0', '1008', 2, 1, 0),
(3672, 'The.Big.Bang.Theory.S08E02', 'file:///Volumes/2TB%20Drive/iTunes/TV%20Shows/The%20Big%20Bang%20Theory/Season%208/The.Big.Bang.Theory.S08E02.mp4', '0', '1008', 2, 2, 0),
(3674, 'CSI.S13E22', 'file:///Volumes/2TB%20Drive/iTunes/TV%20Shows/CSI/Season%2013/CSI.S13E22.mp4', '0', '582', 2, 22, 0),
(3675, 'CSI.S14E01', 'file:///Volumes/2TB%20Drive/iTunes/TV%20Shows/CSI/Season%2014/CSI.S14E01.mp4', '0', '582', 2, 1, 0),
(3676, 'CSI.S14E02', 'file:///Volumes/2TB%20Drive/iTunes/TV%20Shows/CSI/Season%2014/CSI.S14E02.mp4', '0', '582', 2, 2, 0),
(3677, 'S05E08', 'file:///Volumes/2TB%20Drive/iTunes/TV%20Shows/Rookie%20Blue/Season%205/S05E08.mp4', '0', '859', 2, 8, 0),
(3678, 'S05E09', 'file:///Volumes/2TB%20Drive/iTunes/TV%20Shows/Rookie%20Blue/Season%205/S05E09.mp4', '0', '859', 2, 9, 0),
(3679, 'S05E10', 'file:///Volumes/2TB%20Drive/iTunes/TV%20Shows/Rookie%20Blue/Season%205/S05E10.mp4', '0', '859', 2, 10, 0),
(3682, 'CSI.S14E04', 'file:///Volumes/2TB%20Drive/iTunes/TV%20Shows/CSI/Season%2014/CSI.S14E04.mp4', '0', '582', 2, 4, 0),
(3683, 'The.Big.Bang.Theory.S08E03', 'file:///Volumes/2TB%20Drive/iTunes/TV%20Shows/The%20Big%20Bang%20Theory/Season%208/The.Big.Bang.Theory.S08E03.mp4', '0', '1008', 2, 3, 0),
(3684, 'The.Big.Bang.Theory.S08E04', 'file:///Volumes/2TB%20Drive/iTunes/TV%20Shows/The%20Big%20Bang%20Theory/Season%208/The.Big.Bang.Theory.S08E04.mp4', '0', '1008', 2, 4, 0),
(3685, 'the.big.bang.theory.806', 'file:///Volumes/2TB%20Drive/iTunes/TV%20Shows/The%20Big%20Bang%20Theory/Season%208/the.big.bang.theory.806.mp4', '0', '1008', 2, 6, 0),
(3686, 'the.big.bang.theory.807', 'file:///Volumes/2TB%20Drive/iTunes/TV%20Shows/The%20Big%20Bang%20Theory/Season%208/the.big.bang.theory.807.mp4', '0', '1008', 2, 7, 0),
(3687, 'CSI.S14E05', 'file:///Volumes/2TB%20Drive/iTunes/TV%20Shows/CSI/Season%2014/CSI.S14E05.mp4', '0', '582', 2, 5, 0),
(3688, 'CSI.S14E06', 'file:///Volumes/2TB%20Drive/iTunes/TV%20Shows/CSI/Season%2014/CSI.S14E06.mp4', '0', '582', 2, 6, 0),
(3689, 'Rookie.Blue.S05E11', 'file:///Volumes/2TB%20Drive/iTunes/TV%20Shows/Rookie%20Blue/Season%205/Rookie.Blue.S05E11.mp4', '0', '859', 2, 11, 0),
(3690, 'The.Big.Bang.Theory.S08E05', 'file:///Volumes/2TB%20Drive/iTunes/TV%20Shows/The%20Big%20Bang%20Theory/Season%208/The.Big.Bang.Theory.S08E05.mp4', '0', '1008', 2, 5, 0),
(3691, 'CSI.S14E07', 'file:///Volumes/2TB%20Drive/iTunes/TV%20Shows/CSI/Season%2014/CSI.S14E07.mp4', '0', '582', 2, 7, 0),
(3692, 'CSI.S14E09', 'file:///Volumes/2TB%20Drive/iTunes/TV%20Shows/CSI/Season%2014/CSI.S14E09.mp4', '0', '582', 2, 9, 0),
(3693, 'CSI.S14E10', 'file:///Volumes/2TB%20Drive/iTunes/TV%20Shows/CSI/Season%2014/CSI.S14E10.mp4', '0', '582', 2, 10, 0),
(3694, 'CSI.S14E11', 'file:///Volumes/2TB%20Drive/iTunes/TV%20Shows/CSI/Season%2014/CSI.S14E11.mp4', '0', '582', 2, 11, 0),
(3695, 'CSI.S14E12', 'file:///Volumes/2TB%20Drive/iTunes/TV%20Shows/CSI/Season%2014/CSI.S14E12.mp4', '0', '582', 2, 12, 0),
(3696, 'CSI.S14E14', 'file:///Volumes/2TB%20Drive/iTunes/TV%20Shows/CSI/Season%2014/CSI.S14E14.mp4', '0', '582', 2, 14, 0),
(3697, 'CSI.S14E15', 'file:///Volumes/2TB%20Drive/iTunes/TV%20Shows/CSI/Season%2014/CSI.S14E15.mp4', '0', '582', 2, 15, 0),
(3698, 'CSI.S14E16', 'file:///Volumes/2TB%20Drive/iTunes/TV%20Shows/CSI/Season%2014/CSI.S14E16.mp4', '0', '582', 2, 16, 0),
(3699, 'CSI.S14E18', 'file:///Volumes/2TB%20Drive/iTunes/TV%20Shows/CSI/Season%2014/CSI.S14E18.mp4', '0', '582', 2, 18, 0),
(3700, 'Greys.Anatomy.S10E10', 'file:///Volumes/2TB%20Drive/iTunes/TV%20Shows/Greys%20Anatomy/Season%2010/Greys.Anatomy.S10E10.mp4', '0', '1130', 2, 0, 0),
(3701, 'Greys.Anatomy.S10E11', 'file:///Volumes/2TB%20Drive/iTunes/TV%20Shows/Greys%20Anatomy/Season%2010/Greys.Anatomy.S10E11.mp4', '0', '1130', 2, 0, 0),
(3702, 'Greys.Anatomy.S10E14.HDTV.x264-LOL.[VTV]', 'file:///Volumes/2TB%20Drive/iTunes/TV%20Shows/Greys%20Anatomy/Season%2010/Greys.Anatomy.S10E14.HDTV.x264-LOL.%5BVTV%5D.mp4', '0', '1130', 2, 0, 0),
(3703, 'Greys.Anatomy.S10E15.HDTV.x264-LOL', 'file:///Volumes/2TB%20Drive/iTunes/TV%20Shows/Greys%20Anatomy/Season%2010/Greys.Anatomy.S10E15.HDTV.x264-LOL.mp4', '0', '1130', 2, 0, 0),
(3704, 'Greys.Anatomy.S10E16.HDTV.x264-LOL', 'file:///Volumes/2TB%20Drive/iTunes/TV%20Shows/Greys%20Anatomy/Season%2010/Greys.Anatomy.S10E16.HDTV.x264-LOL.mp4', '0', '1130', 2, 0, 0),
(3705, 'Greys.Anatomy.S10E17.HDTV.x264-LOL', 'file:///Volumes/2TB%20Drive/iTunes/TV%20Shows/Greys%20Anatomy/Season%2010/Greys.Anatomy.S10E17.HDTV.x264-LOL.mp4', '0', '1130', 2, 0, 0),
(3706, 'Greys.Anatomy.S10E18.HDTV.x264-LOL', 'file:///Volumes/2TB%20Drive/iTunes/TV%20Shows/Greys%20Anatomy/Season%2010/Greys.Anatomy.S10E18.HDTV.x264-LOL.mp4', '0', '1130', 2, 0, 0),
(3707, 'CSI.S14E19', 'file:///Volumes/2TB%20Drive/iTunes/TV%20Shows/CSI/Season%2014/CSI.S14E19.mp4', '0', '582', 2, 19, 0),
(3708, 'CSI.S14E20', 'file:///Volumes/2TB%20Drive/iTunes/TV%20Shows/CSI/Season%2014/CSI.S14E20.mp4', '0', '582', 2, 20, 0),
(3709, 'Greys.Anatomy.S10E20', 'file:///Volumes/2TB%20Drive/iTunes/TV%20Shows/Greys%20Anatomy/Season%2010/Greys.Anatomy.S10E20.mp4', '0', '1130', 2, 0, 0),
(3710, 'Greys.Anatomy.S10E19', 'file:///Volumes/2TB%20Drive/iTunes/TV%20Shows/Greys%20Anatomy/Season%2010/Greys.Anatomy.S10E19.mp4', '0', '1130', 2, 0, 0),
(3711, 'Greys.Anatomy.S10E21.HDTV.x264-LOL.[VTV]', 'file:///Volumes/2TB%20Drive/iTunes/TV%20Shows/Greys%20Anatomy/Season%2010/Greys.Anatomy.S10E21.HDTV.x264-LOL.%5BVTV%5D.mp4', '0', '1130', 2, 0, 0),
(3712, 'Greys.Anatomy.S10E23.HDTV.x264-LOL', 'file:///Volumes/2TB%20Drive/iTunes/TV%20Shows/Greys%20Anatomy/Season%2010/Greys.Anatomy.S10E23.HDTV.x264-LOL.mp4', '0', '1130', 2, 0, 0),
(3713, 'Greys.Anatomy.S11E01.HDTV.x264-LOL.[VTV]', 'file:///Volumes/2TB%20Drive/iTunes/TV%20Shows/Greys%20Anatomy/Season%2011/Greys.Anatomy.S11E01.HDTV.x264-LOL.%5BVTV%5D.mp4', '0', '1130', 2, 0, 0),
(3714, 'Greys.Anatomy.S11E02.HDTV.x264-LOL.[VTV]', 'file:///Volumes/2TB%20Drive/iTunes/TV%20Shows/Greys%20Anatomy/Season%2011/Greys.Anatomy.S11E02.HDTV.x264-LOL.%5BVTV%5D.mp4', '0', '1130', 2, 0, 0),
(3715, 'Greys.Anatomy.S11E03.HDTV.x264-LOL.[VTV]', 'file:///Volumes/2TB%20Drive/iTunes/TV%20Shows/Greys%20Anatomy/Season%2011/Greys.Anatomy.S11E03.HDTV.x264-LOL.%5BVTV%5D.mp4', '0', '1130', 2, 0, 0),
(3716, 'Greys.Anatomy.S11E04.HDTV.x264-LOL.[VTV]', 'file:///Volumes/2TB%20Drive/iTunes/TV%20Shows/Greys%20Anatomy/Season%2011/Greys.Anatomy.S11E04.HDTV.x264-LOL.%5BVTV%5D.mp4', '0', '1130', 2, 0, 0),
(3717, 'Greys.Anatomy.S11E06.HDTV.x264-LOL.[VTV]', 'file:///Volumes/2TB%20Drive/iTunes/TV%20Shows/Greys%20Anatomy/Season%2011/Greys.Anatomy.S11E06.HDTV.x264-LOL.%5BVTV%5D.mp4', '0', '1130', 2, 0, 0),
(3718, 'Greys.Anatomy.S11E05.HDTV.x264-LOL.[VTV]', 'file:///Volumes/2TB%20Drive/iTunes/TV%20Shows/Greys%20Anatomy/Season%2011/Greys.Anatomy.S11E05.HDTV.x264-LOL.%5BVTV%5D.mp4', '0', '1130', 2, 0, 0),
(3719, 'Greys.Anatomy.S11E07.HDTV.x264-LOL.[VTV]', 'file:///Volumes/2TB%20Drive/iTunes/TV%20Shows/Greys%20Anatomy/Season%2011/Greys.Anatomy.S11E07.HDTV.x264-LOL.%5BVTV%5D.mp4', '0', '1130', 2, 0, 0),
(3720, 'CSI.S14E21', 'file:///Volumes/2TB%20Drive/iTunes/TV%20Shows/CSI/Season%2014/CSI.S14E21.m4v', '0', '582', 2, 21, 0),
(3721, 'The.Big.Bang.Theory.S08E08', 'file:///Volumes/2TB%20Drive/iTunes/TV%20Shows/The%20Big%20Bang%20Theory/Season%208/The.Big.Bang.Theory.S08E08.mp4', '0', '1008', 2, 8, 0),
(3722, 'CSI.S14E22', 'file:///Volumes/2TB%20Drive/iTunes/TV%20Shows/CSI/Season%2014/CSI.S14E22.mp4', '0', '582', 2, 22, 0),
(3723, 'CSI.S15E01.The.CSI.Effect', 'file:///Volumes/2TB%20Drive/iTunes/TV%20Shows/CSI/Season%2015/CSI.S15E01.The.CSI.Effect.mp4', '0', '582', 2, 1, 0),
(3724, 'Drop.Dead.Diva.S05E01', 'file:///Volumes/2TB%20Drive/iTunes/TV%20Shows/Drop%20Dead%20Diva/Season%205/Drop.Dead.Diva.S05E01.mp4', '0', '332', 2, 1, 0),
(3725, 'Drop.Dead.Diva.S05E05', 'file:///Volumes/2TB%20Drive/iTunes/TV%20Shows/Drop%20Dead%20Diva/Season%205/Drop.Dead.Diva.S05E05.mp4', '0', '332', 2, 5, 0),
(3726, 'CSI.S15E02', 'file:///Volumes/2TB%20Drive/iTunes/TV%20Shows/CSI/Season%2015/CSI.S15E02.mp4', '0', '582', 2, 2, 0),
(3727, 'CSI.S15E03', 'file:///Volumes/2TB%20Drive/iTunes/TV%20Shows/CSI/Season%2015/CSI.S15E03.mp4', '0', '582', 2, 3, 0),
(3728, 'CSI.S15E04', 'file:///Volumes/2TB%20Drive/iTunes/TV%20Shows/CSI/Season%2015/CSI.S15E04.mp4', '0', '582', 2, 4, 0),
(3729, 'CSI.S15E05', 'file:///Volumes/2TB%20Drive/iTunes/TV%20Shows/CSI/Season%2015/CSI.S15E05.mp4', '0', '582', 2, 5, 0),
(3730, 'greys.anatomy.1108', 'file:///Volumes/2TB%20Drive/iTunes/TV%20Shows/Greys%20Anatomy/Season%2011/greys.anatomy.1108.mp4', '0', '1130', 2, 8, 0),
(3731, 'CSI.S15E06', 'file:///Volumes/2TB%20Drive/iTunes/TV%20Shows/CSI/Season%2015/CSI.S15E06.mp4', '0', '582', 2, 6, 0),
(3732, 'CSI.S15E07', 'file:///Volumes/2TB%20Drive/iTunes/TV%20Shows/CSI/Season%2015/CSI.S15E07.mp4', '0', '582', 2, 7, 0),
(3733, 'CSI.S15E08', 'file:///Volumes/2TB%20Drive/iTunes/TV%20Shows/CSI/Season%2015/CSI.S15E08.mp4', '0', '582', 2, 8, 0),
(3734, 'CSI.S15E09', 'file:///Volumes/2TB%20Drive/iTunes/TV%20Shows/CSI/Season%2015/CSI.S15E09.mp4', '0', '582', 2, 9, 0),
(3735, 'the.big.bang.theory.S08E09', 'file:///Volumes/2TB%20Drive/iTunes/TV%20Shows/The%20Big%20Bang%20Theory/Season%208/the.big.bang.theory.S08E09.mp4', '0', '1008', 2, 9, 0),
(3736, 'the.big.bang.theory.S08E11', 'file:///Volumes/2TB%20Drive/iTunes/TV%20Shows/The%20Big%20Bang%20Theory/Season%208/the.big.bang.theory.S08E11.mp4', '0', '1008', 2, 11, 0),
(3737, 'The.Big.Bang.Theory.S08E10', 'file:///Volumes/2TB%20Drive/iTunes/TV%20Shows/The%20Big%20Bang%20Theory/Season%208/The.Big.Bang.Theory.S08E10.mp4', '0', '1008', 2, 10, 0),
(3738, 'CSI.S15E10', 'file:///Volumes/2TB%20Drive/iTunes/TV%20Shows/CSI/Season%2015/CSI.S15E10.mp4', '0', '582', 2, 10, 0),
(3739, 'CSI.S15E11', 'file:///Volumes/2TB%20Drive/iTunes/TV%20Shows/CSI/Season%2015/CSI.S15E11.mp4', '0', '582', 2, 11, 0),
(3740, 'Drop.Dead.Diva.S05E06', 'file:///Volumes/2TB%20Drive/iTunes/TV%20Shows/Drop%20Dead%20Diva/Season%205/Drop.Dead.Diva.S05E06.mp4', '0', '332', 2, 6, 0),
(3741, 'Drop.Dead.Diva.S05E07', 'file:///Volumes/2TB%20Drive/iTunes/TV%20Shows/Drop%20Dead%20Diva/Season%205/Drop.Dead.Diva.S05E07.mp4', '0', '332', 2, 7, 0);
INSERT INTO `main` (`id`, `title`, `path`, `genre`, `group`, `type`, `series_num`, `tv_season`) VALUES
(3742, 'Drop.Dead.Diva.S05E08', 'file:///Volumes/2TB%20Drive/iTunes/TV%20Shows/Drop%20Dead%20Diva/Season%205/Drop.Dead.Diva.S05E08.mp4', '0', '332', 2, 8, 0),
(3743, 'drop.dead.diva.s05e10.hdtv.x264-2hd', 'file:///Volumes/2TB%20Drive/iTunes/TV%20Shows/Drop%20Dead%20Diva/Season%205/drop.dead.diva.s05e10.hdtv.x264-2hd.mp4', '0', '332', 2, 10, 0),
(3744, 'drop.dead.diva.s05e11.hdtv.x264-2hd', 'file:///Volumes/2TB%20Drive/iTunes/TV%20Shows/Drop%20Dead%20Diva/Season%205/drop.dead.diva.s05e11.hdtv.x264-2hd.mp4', '0', '332', 2, 11, 0),
(3745, 'Drop.Dead.Diva.S06E01-E02', 'file:///Volumes/2TB%20Drive/iTunes/TV%20Shows/Drop%20Dead%20Diva/Season%206/Drop.Dead.Diva.S06E01-E02.mp4', '0', '332', 2, 1, 0),
(3746, 'Drop.Dead.Diva.S06E03', 'file:///Volumes/2TB%20Drive/iTunes/TV%20Shows/Drop%20Dead%20Diva/Season%206/Drop.Dead.Diva.S06E03.mp4', '0', '332', 2, 3, 0),
(3747, 'Drop.Dead.Diva.S06E04', 'file:///Volumes/2TB%20Drive/iTunes/TV%20Shows/Drop%20Dead%20Diva/Season%206/Drop.Dead.Diva.S06E04.mp4', '0', '332', 2, 4, 0),
(3748, 'drop.dead.diva.s06e05', 'file:///Volumes/2TB%20Drive/iTunes/TV%20Shows/Drop%20Dead%20Diva/Season%206/drop.dead.diva.s06e05.mp4', '0', '332', 2, 5, 0),
(3749, 'Drop.Dead.Diva.S06E07', 'file:///Volumes/2TB%20Drive/iTunes/TV%20Shows/Drop%20Dead%20Diva/Season%206/Drop.Dead.Diva.S06E07.mp4', '0', '332', 2, 7, 0),
(3750, 'Drop.Dead.Diva.S06E08', 'file:///Volumes/2TB%20Drive/iTunes/TV%20Shows/Drop%20Dead%20Diva/Season%206/Drop.Dead.Diva.S06E08.mp4', '0', '332', 2, 8, 0),
(3751, '24.S01E01', 'file:///Volumes/2TB%20Drive/iTunes/TV%20Shows/24/Season%201/24.S01E01.m4v', '0', '1738', 2, 1, 0),
(3752, '24.S01E02', 'file:///Volumes/2TB%20Drive/iTunes/TV%20Shows/24/Season%201/24.S01E02.m4v', '0', '1738', 2, 2, 0),
(3753, '24.S01E03', 'file:///Volumes/2TB%20Drive/iTunes/TV%20Shows/24/Season%201/24.S01E03.m4v', '0', '1738', 2, 3, 0),
(3754, '24.S01E04', 'file:///Volumes/2TB%20Drive/iTunes/TV%20Shows/24/Season%201/24.S01E04.m4v', '0', '1738', 2, 4, 0),
(3755, 'drop.dead.diva.609.hdtv-lol', 'file:///Volumes/2TB%20Drive/iTunes/TV%20Shows/Drop%20Dead%20Diva/Season%206/drop.dead.diva.609.hdtv-lol.mp4', '0', '332', 2, 0, 0),
(3756, 'Drop.Dead.Diva.S06E10.HDTV.x264-LOL', 'file:///Volumes/2TB%20Drive/iTunes/TV%20Shows/Drop%20Dead%20Diva/Season%206/Drop.Dead.Diva.S06E10.HDTV.x264-LOL.mp4', '0', '332', 2, 0, 0),
(3757, 'Drop.Dead.Diva.S06E12.HDTV.x264-LOL', 'file:///Volumes/2TB%20Drive/iTunes/TV%20Shows/Drop%20Dead%20Diva/Season%206/Drop.Dead.Diva.S06E12.HDTV.x264-LOL.mp4', '0', '332', 2, 0, 0),
(3759, '24.S01E05', 'file:///Volumes/2TB%20Drive/iTunes/TV%20Shows/24/Season%201/24.S01E05.m4v', '0', '1738', 2, 5, 0),
(3760, '24.S01E06', 'file:///Volumes/2TB%20Drive/iTunes/TV%20Shows/24/Season%201/24.S01E06.m4v', '0', '1738', 2, 6, 0),
(3761, '24.S01E07', 'file:///Volumes/2TB%20Drive/iTunes/TV%20Shows/24/Season%201/24.S01E07.m4v', '0', '1738', 2, 7, 0),
(3762, '24.S01E08', 'file:///Volumes/2TB%20Drive/iTunes/TV%20Shows/24/Season%201/24.S01E08.m4v', '0', '1738', 2, 8, 0),
(3764, '24.S01E09', 'file:///Volumes/2TB%20Drive/iTunes/TV%20Shows/24/Season%201/24.S01E09.m4v', '0', '1738', 2, 9, 0),
(3765, '24.S01E10', 'file:///Volumes/2TB%20Drive/iTunes/TV%20Shows/24/Season%201/24.S01E10.m4v', '0', '1738', 2, 10, 0),
(3766, '24.S01E11', 'file:///Volumes/2TB%20Drive/iTunes/TV%20Shows/24/Season%201/24.S01E11.m4v', '0', '1738', 2, 11, 0),
(3767, '24.S01E12', 'file:///Volumes/2TB%20Drive/iTunes/TV%20Shows/24/Season%201/24.S01E12.m4v', '0', '1738', 2, 12, 0),
(3768, 'CSI.S15E12.Dead.Woods', 'file:///Volumes/2TB%20Drive/iTunes/TV%20Shows/CSI/Season%2015/CSI.S15E12.Dead.Woods.mp4', '0', '582', 2, 12, 0),
(3769, 'CSI.S15E13.The.Greater.Good', 'file:///Volumes/2TB%20Drive/iTunes/TV%20Shows/CSI/Season%2015/CSI.S15E13.The.Greater.Good.mp4', '0', '582', 2, 13, 0),
(3770, 'CSI.S15E14', 'file:///Volumes/2TB%20Drive/iTunes/TV%20Shows/CSI/Season%2015/CSI.S15E14.mp4', '0', '582', 2, 14, 0),
(3771, 'CSI.S15E15', 'file:///Volumes/2TB%20Drive/iTunes/TV%20Shows/CSI/Season%2015/CSI.S15E15.mp4', '0', '582', 2, 15, 0),
(3772, 'the.big.bang.theory.812.hdtv-lol', 'file:///Volumes/2TB%20Drive/iTunes/TV%20Shows/The%20Big%20Bang%20Theory/Season%208/the.big.bang.theory.812.hdtv-lol.mp4', '0', '1008', 2, 12, 0),
(3773, 'S01E01', 'file:///Volumes/2TB%20Drive/iTunes/TV%20Shows/Miranda/Season%201/S01E01.m4v', '0', '1758', 2, 1, 0),
(3774, 'S01E02', 'file:///Volumes/2TB%20Drive/iTunes/TV%20Shows/Miranda/Season%201/S01E02.m4v', '0', '1758', 2, 2, 0),
(3775, 'S01E03', 'file:///Volumes/2TB%20Drive/iTunes/TV%20Shows/Miranda/Season%201/S01E03.m4v', '0', '1758', 2, 3, 0),
(3776, 'S01E04', 'file:///Volumes/2TB%20Drive/iTunes/TV%20Shows/Miranda/Season%201/S01E04.m4v', '0', '1758', 2, 4, 0),
(3777, 'S01E05', 'file:///Volumes/2TB%20Drive/iTunes/TV%20Shows/Miranda/Season%201/S01E05.m4v', '0', '1758', 2, 5, 0),
(3778, 'S01E06', 'file:///Volumes/2TB%20Drive/iTunes/TV%20Shows/Miranda/Season%201/S01E06.m4v', '0', '1758', 2, 6, 0),
(3780, '24.S01E13', 'file:///Volumes/2TB%20Drive/iTunes/TV%20Shows/24/Season%201/24.S01E13.m4v', '0', '1738', 2, 13, 0),
(3781, '24.S01E14', 'file:///Volumes/2TB%20Drive/iTunes/TV%20Shows/24/Season%201/24.S01E14.m4v', '0', '1738', 2, 14, 0),
(3782, '24.S01E15', 'file:///Volumes/2TB%20Drive/iTunes/TV%20Shows/24/Season%201/24.S01E15.m4v', '0', '1738', 2, 15, 0),
(3783, '24.S01E16', 'file:///Volumes/2TB%20Drive/iTunes/TV%20Shows/24/Season%201/24.S01E16.m4v', '0', '1738', 2, 16, 0);

-- --------------------------------------------------------

--
-- Table structure for table `type`
--

CREATE TABLE IF NOT EXISTS `type` (
`id` int(11) NOT NULL,
  `genre` varchar(20) NOT NULL
) ENGINE=InnoDB AUTO_INCREMENT=3 DEFAULT CHARSET=latin1;

--
-- Dumping data for table `type`
--

INSERT INTO `type` (`id`, `genre`) VALUES
(1, 'movie'),
(2, 'tv');

--
-- Indexes for dumped tables
--

--
-- Indexes for table `genres`
--
ALTER TABLE `genres`
 ADD PRIMARY KEY (`id`), ADD UNIQUE KEY `id` (`id`), ADD UNIQUE KEY `genre` (`genre`);

--
-- Indexes for table `groups`
--
ALTER TABLE `groups`
 ADD PRIMARY KEY (`id`), ADD UNIQUE KEY `id` (`id`), ADD UNIQUE KEY `group` (`group`);

--
-- Indexes for table `main`
--
ALTER TABLE `main`
 ADD PRIMARY KEY (`id`), ADD UNIQUE KEY `id` (`id`), ADD UNIQUE KEY `path` (`path`);

--
-- Indexes for table `type`
--
ALTER TABLE `type`
 ADD PRIMARY KEY (`id`);

--
-- AUTO_INCREMENT for dumped tables
--

--
-- AUTO_INCREMENT for table `genres`
--
ALTER TABLE `genres`
MODIFY `id` int(11) NOT NULL AUTO_INCREMENT,AUTO_INCREMENT=3870;
--
-- AUTO_INCREMENT for table `groups`
--
ALTER TABLE `groups`
MODIFY `id` int(11) NOT NULL AUTO_INCREMENT,AUTO_INCREMENT=1768;
--
-- AUTO_INCREMENT for table `main`
--
ALTER TABLE `main`
MODIFY `id` int(11) NOT NULL AUTO_INCREMENT,AUTO_INCREMENT=3784;
--
-- AUTO_INCREMENT for table `type`
--
ALTER TABLE `type`
MODIFY `id` int(11) NOT NULL AUTO_INCREMENT,AUTO_INCREMENT=3;
/*!40101 SET CHARACTER_SET_CLIENT=@OLD_CHARACTER_SET_CLIENT */;
/*!40101 SET CHARACTER_SET_RESULTS=@OLD_CHARACTER_SET_RESULTS */;
/*!40101 SET COLLATION_CONNECTION=@OLD_COLLATION_CONNECTION */;
